[
{
    "pk": 1, 
    "model": "auth.user", 
    "fields": {
        "username": "Rainer", 
        "first_name": "Rainer", 
        "last_name": "Mansfeld", 
        "is_active": true, 
        "is_superuser": true, 
        "is_staff": true, 
        "last_login": "2013-12-29T09:31:19.343Z", 
        "groups": [], 
        "user_permissions": [], 
        "password": "pbkdf2_sha256$12000$wVODtH50UFQB$vdYjbeur704G3KDRvqZePigv8Qfy1YYSBahFBvyHwlw=", 
        "email": "rainer.mansfeld@gmail.com", 
        "date_joined": "2013-12-22T11:00:43Z"
    }
},
{
    "pk": 2, 
    "model": "auth.user", 
    "fields": {
        "username": "Bernd", 
        "first_name": "Bernd", 
        "last_name": "Kalauch", 
        "is_active": true, 
        "is_superuser": false, 
        "is_staff": false, 
        "last_login": "2013-12-31T22:00:00Z", 
        "groups": [], 
        "user_permissions": [], 
        "password": "pbkdf2_sha256$12000$SehIljFVI1R7$PIkH7uaSxwqJ9QKnUrg5Fglpq8eTBl2rLIHV5nWFIxQ=", 
        "email": "", 
        "date_joined": "2013-12-31T22:00:00Z"
    }
},
{
    "pk": 3, 
    "model": "auth.user", 
    "fields": {
        "username": "Conny", 
        "first_name": "Conny", 
        "last_name": "Mansfeld", 
        "is_active": true, 
        "is_superuser": false, 
        "is_staff": false, 
        "last_login": "2013-12-31T22:00:00Z", 
        "groups": [], 
        "user_permissions": [], 
        "password": "pbkdf2_sha256$12000$eFyy9xo6Dvz1$Iuzc1d2xR7JLvuhQHPlUfqwJGZoTggQXtGDSSDxG9EU=", 
        "email": "", 
        "date_joined": "2013-12-31T22:00:00Z"
    }
},
{
    "pk": 4, 
    "model": "auth.user", 
    "fields": {
        "username": "Dani", 
        "first_name": "Dani", 
        "last_name": "Kalauch", 
        "is_active": true, 
        "is_superuser": false, 
        "is_staff": false, 
        "last_login": "2013-12-31T22:00:00Z", 
        "groups": [], 
        "user_permissions": [], 
        "password": "pbkdf2_sha256$12000$73ceE0NhA3nu$SN4Zop8YCgNt6m9A1lJbR4Vkg/qbbGj3MXrCXR3Ib6U=", 
        "email": "", 
        "date_joined": "2013-12-31T22:00:00Z"
    }
},
{
    "pk": 5, 
    "model": "auth.user", 
    "fields": {
        "username": "Edith", 
        "first_name": "Edith", 
        "last_name": "Mansfeld", 
        "is_active": true, 
        "is_superuser": false, 
        "is_staff": false, 
        "last_login": "2013-12-29T11:52:06.890Z", 
        "groups": [], 
        "user_permissions": [], 
        "password": "pbkdf2_sha256$12000$tNZyBQbEK1KB$3k1iYFaNjRQkagKXPvRcjtcNlh/RTJs/5T8soKk3uIU=", 
        "email": "", 
        "date_joined": "2013-12-31T22:00:00Z"
    }
},
{
    "pk": 6, 
    "model": "auth.user", 
    "fields": {
        "username": "Elfi", 
        "first_name": "Elfi", 
        "last_name": "Mansfeld-Deneke", 
        "is_active": true, 
        "is_superuser": false, 
        "is_staff": false, 
        "last_login": "2013-12-31T22:00:00Z", 
        "groups": [], 
        "user_permissions": [], 
        "password": "pbkdf2_sha256$12000$7JergvbfabZD$q9PH7kX5+07BfiaYzv+kzFS2HenUwDOxUaeGFLIc4j0=", 
        "email": "", 
        "date_joined": "2013-12-31T22:00:00Z"
    }
},
{
    "pk": 7, 
    "model": "auth.user", 
    "fields": {
        "username": "Ella", 
        "first_name": "Ella", 
        "last_name": "Mansfeld", 
        "is_active": true, 
        "is_superuser": false, 
        "is_staff": false, 
        "last_login": "2013-12-31T22:00:00Z", 
        "groups": [], 
        "user_permissions": [], 
        "password": "pbkdf2_sha256$12000$EZn4waLYFyan$vn0GRQH/232ghTLwW84ZGw5CD0gPCa3uhokJrj+8qoU=", 
        "email": "", 
        "date_joined": "2013-12-31T22:00:00Z"
    }
},
{
    "pk": 8, 
    "model": "auth.user", 
    "fields": {
        "username": "Gudrun", 
        "first_name": "Gudrun", 
        "last_name": "Buck", 
        "is_active": true, 
        "is_superuser": false, 
        "is_staff": false, 
        "last_login": "2013-12-31T22:00:00Z", 
        "groups": [], 
        "user_permissions": [], 
        "password": "pbkdf2_sha256$12000$tbZLViUGmUMF$SQ3yJ8dJb2ulUHTb0ljPlGk5YpvAnKUzfrUD8YIRvfk=", 
        "email": "", 
        "date_joined": "2013-12-31T22:00:00Z"
    }
},
{
    "pk": 9, 
    "model": "auth.user", 
    "fields": {
        "username": "Hans-Georg", 
        "first_name": "Hans-Georg", 
        "last_name": "Deneke", 
        "is_active": true, 
        "is_superuser": false, 
        "is_staff": false, 
        "last_login": "2013-12-25T08:37:13.875Z", 
        "groups": [], 
        "user_permissions": [], 
        "password": "pbkdf2_sha256$12000$WLj9dMFONEc0$G4vxGytK0n9IbQ5idPcwKhTKFD1oKa5lUjoPmvx/Ia4=", 
        "email": "", 
        "date_joined": "2013-12-31T22:00:00Z"
    }
},
{
    "pk": 10, 
    "model": "auth.user", 
    "fields": {
        "username": "Heidi", 
        "first_name": "Heidi", 
        "last_name": "Mansfeld", 
        "is_active": true, 
        "is_superuser": false, 
        "is_staff": false, 
        "last_login": "2013-12-22T17:25:32.937Z", 
        "groups": [], 
        "user_permissions": [], 
        "password": "pbkdf2_sha256$12000$UajbE7LwDxO2$rF4kBj7/b7T+n4VLdUGNi8xd9cwP/ngVQUjG0pH9pnk=", 
        "email": "heidi@romulo.de", 
        "date_joined": "2013-12-31T22:00:00Z"
    }
},
{
    "pk": 11, 
    "model": "auth.user", 
    "fields": {
        "username": "Heinz", 
        "first_name": "Heinz", 
        "last_name": "Mansfeld", 
        "is_active": true, 
        "is_superuser": false, 
        "is_staff": false, 
        "last_login": "2013-12-22T17:27:05.796Z", 
        "groups": [], 
        "user_permissions": [], 
        "password": "pbkdf2_sha256$12000$3PlJm5ZohbLL$ulAJX5Nku778gsmGcKHfj/qwyyFfKFeXxhK8TR1JH/I=", 
        "email": "mansfeld.heinz@gmail.com", 
        "date_joined": "2013-12-31T22:00:00Z"
    }
},
{
    "pk": 12, 
    "model": "auth.user", 
    "fields": {
        "username": "Henri", 
        "first_name": "Henri", 
        "last_name": "Buck", 
        "is_active": true, 
        "is_superuser": false, 
        "is_staff": false, 
        "last_login": "2013-12-24T09:43:44.390Z", 
        "groups": [], 
        "user_permissions": [], 
        "password": "pbkdf2_sha256$12000$VnjMIZir2TpP$cjwgqvqjbQF9kf+Za/7mDYOFkk6gcIVdHFLXYRfk2ME=", 
        "email": "", 
        "date_joined": "2013-12-31T22:00:00Z"
    }
},
{
    "pk": 13, 
    "model": "auth.user", 
    "fields": {
        "username": "Linus", 
        "first_name": "Linus", 
        "last_name": "Buck", 
        "is_active": true, 
        "is_superuser": false, 
        "is_staff": false, 
        "last_login": "2013-12-31T22:00:00Z", 
        "groups": [], 
        "user_permissions": [], 
        "password": "pbkdf2_sha256$12000$kGgpanCb3MXJ$LoaY6Jraje3S7ovopA68t7SHP9Q4H6KwWSabVtV4f1s=", 
        "email": "", 
        "date_joined": "2013-12-31T22:00:00Z"
    }
},
{
    "pk": 14, 
    "model": "auth.user", 
    "fields": {
        "username": "Ralf", 
        "first_name": "Ralf", 
        "last_name": "Meier", 
        "is_active": true, 
        "is_superuser": false, 
        "is_staff": false, 
        "last_login": "2013-12-31T22:00:00Z", 
        "groups": [], 
        "user_permissions": [], 
        "password": "pbkdf2_sha256$12000$83X7jOEjKqqd$y7/o2ZMGy0vu8OH7t5uW8MxwYoJTH1SnSTfkY1LNC1w=", 
        "email": "", 
        "date_joined": "2013-12-31T22:00:00Z"
    }
},
{
    "pk": 15, 
    "model": "auth.user", 
    "fields": {
        "username": "Toni", 
        "first_name": "Toni", 
        "last_name": "Mansfeld", 
        "is_active": true, 
        "is_superuser": false, 
        "is_staff": false, 
        "last_login": "2013-12-31T22:00:00Z", 
        "groups": [], 
        "user_permissions": [], 
        "password": "pbkdf2_sha256$12000$ce1Mxn4pZ1JU$wdOMglTdIkOvibqm8+UhfrWHHvh91vxWVFmNgJQSu54=", 
        "email": "", 
        "date_joined": "2013-12-31T22:00:00Z"
    }
},
{
    "pk": 16, 
    "model": "auth.user", 
    "fields": {
        "username": "Ute", 
        "first_name": "Ute", 
        "last_name": "Mansfeld", 
        "is_active": true, 
        "is_superuser": false, 
        "is_staff": true, 
        "last_login": "2013-12-22T17:26:02.562Z", 
        "groups": [], 
        "user_permissions": [
            [
                "change_comment", 
                "tipgame", 
                "comment"
            ], 
            [
                "delete_comment", 
                "tipgame", 
                "comment"
            ], 
            [
                "add_player", 
                "tipgame", 
                "player"
            ], 
            [
                "change_player", 
                "tipgame", 
                "player"
            ], 
            [
                "delete_player", 
                "tipgame", 
                "player"
            ], 
            [
                "change_tip", 
                "tipgame", 
                "tip"
            ], 
            [
                "delete_tip", 
                "tipgame", 
                "tip"
            ]
        ], 
        "password": "pbkdf2_sha256$12000$sk5eZ9GHa7m5$Rk02PfBEL3YTWFhfGfBIXM3MlagTSx1Ls1tDLSoNtjI=", 
        "email": "", 
        "date_joined": "2013-12-31T22:00:00Z"
    }
},
{
    "pk": 17, 
    "model": "auth.user", 
    "fields": {
        "username": "Volker", 
        "first_name": "Volker", 
        "last_name": "Mansfeld", 
        "is_active": true, 
        "is_superuser": false, 
        "is_staff": false, 
        "last_login": "2013-12-31T22:00:00Z", 
        "groups": [], 
        "user_permissions": [], 
        "password": "pbkdf2_sha256$12000$CIT6Jt9CyrVU$PLRu+IFxDoDB+c6D2g/blngsyOxV9/JnsLXNIcjjmCw=", 
        "email": "", 
        "date_joined": "2013-12-31T22:00:00Z"
    }
},
{
    "pk": 18, 
    "model": "auth.user", 
    "fields": {
        "username": "Cornelia", 
        "first_name": "Cornelia", 
        "last_name": "Malchow", 
        "is_active": true, 
        "is_superuser": false, 
        "is_staff": false, 
        "last_login": "2013-12-31T22:00:00Z", 
        "groups": [], 
        "user_permissions": [], 
        "password": "pbkdf2_sha256$12000$Xx3CpVcbBxOT$8KD3kfxnhtJNha3f5LXJ+TlEhCoeE73+5ETgDRDqwIw=", 
        "email": "", 
        "date_joined": "2013-12-31T22:00:00Z"
    }
},
{
    "pk": 19, 
    "model": "auth.user", 
    "fields": {
        "username": "Paula", 
        "first_name": "Paula", 
        "last_name": "Buck", 
        "is_active": true, 
        "is_superuser": false, 
        "is_staff": false, 
        "last_login": "2013-12-31T22:00:00Z", 
        "groups": [], 
        "user_permissions": [], 
        "password": "pbkdf2_sha256$12000$RuW5zoId06wW$uUQanVeb1vorgq7AyYB4FlcOlcu+py+ZZLajZ6K7mxU=", 
        "email": "", 
        "date_joined": "2013-12-31T22:00:00Z"
    }
},
{
    "pk": "0cu4t2zfurt7l5px0l6rc2r9hkvzht66", 
    "model": "sessions.session", 
    "fields": {
        "expire_date": "2014-01-12T08:43:45.968Z", 
        "session_data": "NTQyMWE4MGMzNzAwMDUyMjBhMWMzMjU0ZjgzZTBhZWVmYjg4MTQ5Nzp7Il9hdXRoX3VzZXJfYmFja2VuZCI6ImRqYW5nby5jb250cmliLmF1dGguYmFja2VuZHMuTW9kZWxCYWNrZW5kIiwiX2F1dGhfdXNlcl9pZCI6NX0="
    }
},
{
    "pk": "0dljeumeub4zuhnok2snbejq6h6409f7", 
    "model": "sessions.session", 
    "fields": {
        "expire_date": "2014-01-12T07:38:35.828Z", 
        "session_data": "MzJiYmJhZTJjMTYyMTEzMGZjZjJkYjk3YmIwZTY2NGU0NmYzNmViODp7Il9hdXRoX3VzZXJfYmFja2VuZCI6ImRqYW5nby5jb250cmliLmF1dGguYmFja2VuZHMuTW9kZWxCYWNrZW5kIiwiX2F1dGhfdXNlcl9pZCI6MX0="
    }
},
{
    "pk": "0mqb4iu5r7867fg8hhhe0q1ihki6gxet", 
    "model": "sessions.session", 
    "fields": {
        "expire_date": "2014-01-07T11:01:37.218Z", 
        "session_data": "MzJiYmJhZTJjMTYyMTEzMGZjZjJkYjk3YmIwZTY2NGU0NmYzNmViODp7Il9hdXRoX3VzZXJfYmFja2VuZCI6ImRqYW5nby5jb250cmliLmF1dGguYmFja2VuZHMuTW9kZWxCYWNrZW5kIiwiX2F1dGhfdXNlcl9pZCI6MX0="
    }
},
{
    "pk": "0t7s86jyrmt34guzaci561683cqu8d68", 
    "model": "sessions.session", 
    "fields": {
        "expire_date": "2014-01-07T10:13:19.312Z", 
        "session_data": "MTdjNTQ1MTBlNGNjNDU1NmQxMGU2YWQ4MDhlYmMxOTAzYWQ0OTg5ZDp7fQ=="
    }
},
{
    "pk": "0vmefjcuhar1x27oy5nbfs5u43swuyej", 
    "model": "sessions.session", 
    "fields": {
        "expire_date": "2014-01-12T09:09:09.843Z", 
        "session_data": "MzJiYmJhZTJjMTYyMTEzMGZjZjJkYjk3YmIwZTY2NGU0NmYzNmViODp7Il9hdXRoX3VzZXJfYmFja2VuZCI6ImRqYW5nby5jb250cmliLmF1dGguYmFja2VuZHMuTW9kZWxCYWNrZW5kIiwiX2F1dGhfdXNlcl9pZCI6MX0="
    }
},
{
    "pk": "0w4vs0g35uwupc783bno46lr87ra0xph", 
    "model": "sessions.session", 
    "fields": {
        "expire_date": "2014-01-08T08:15:28.265Z", 
        "session_data": "MzJiYmJhZTJjMTYyMTEzMGZjZjJkYjk3YmIwZTY2NGU0NmYzNmViODp7Il9hdXRoX3VzZXJfYmFja2VuZCI6ImRqYW5nby5jb250cmliLmF1dGguYmFja2VuZHMuTW9kZWxCYWNrZW5kIiwiX2F1dGhfdXNlcl9pZCI6MX0="
    }
},
{
    "pk": "0xpvaorjedtf40imxax66p4hdnq58wfa", 
    "model": "sessions.session", 
    "fields": {
        "expire_date": "2014-01-09T11:25:23.114Z", 
        "session_data": "MzJiYmJhZTJjMTYyMTEzMGZjZjJkYjk3YmIwZTY2NGU0NmYzNmViODp7Il9hdXRoX3VzZXJfYmFja2VuZCI6ImRqYW5nby5jb250cmliLmF1dGguYmFja2VuZHMuTW9kZWxCYWNrZW5kIiwiX2F1dGhfdXNlcl9pZCI6MX0="
    }
},
{
    "pk": "15dabl37scsmgvsbzv462y7rutlwpdqo", 
    "model": "sessions.session", 
    "fields": {
        "expire_date": "2014-01-09T10:01:28.302Z", 
        "session_data": "MTdjNTQ1MTBlNGNjNDU1NmQxMGU2YWQ4MDhlYmMxOTAzYWQ0OTg5ZDp7fQ=="
    }
},
{
    "pk": "185wcmgzvusrdlvt1bx7fdeifkpnvkq9", 
    "model": "sessions.session", 
    "fields": {
        "expire_date": "2014-01-08T08:10:14.937Z", 
        "session_data": "MzJiYmJhZTJjMTYyMTEzMGZjZjJkYjk3YmIwZTY2NGU0NmYzNmViODp7Il9hdXRoX3VzZXJfYmFja2VuZCI6ImRqYW5nby5jb250cmliLmF1dGguYmFja2VuZHMuTW9kZWxCYWNrZW5kIiwiX2F1dGhfdXNlcl9pZCI6MX0="
    }
},
{
    "pk": "19wxae77bqiip8vxs6g0f7a45pzf13vd", 
    "model": "sessions.session", 
    "fields": {
        "expire_date": "2014-01-12T07:38:01.453Z", 
        "session_data": "MzJiYmJhZTJjMTYyMTEzMGZjZjJkYjk3YmIwZTY2NGU0NmYzNmViODp7Il9hdXRoX3VzZXJfYmFja2VuZCI6ImRqYW5nby5jb250cmliLmF1dGguYmFja2VuZHMuTW9kZWxCYWNrZW5kIiwiX2F1dGhfdXNlcl9pZCI6MX0="
    }
},
{
    "pk": "1h9pbtsry690so88fdsidbtojd5e1qlf", 
    "model": "sessions.session", 
    "fields": {
        "expire_date": "2014-01-07T10:12:29.718Z", 
        "session_data": "MTdjNTQ1MTBlNGNjNDU1NmQxMGU2YWQ4MDhlYmMxOTAzYWQ0OTg5ZDp7fQ=="
    }
},
{
    "pk": "1hpb143lrtsqtytjzwbnyg2ngp1tngdz", 
    "model": "sessions.session", 
    "fields": {
        "expire_date": "2014-01-07T13:02:14.640Z", 
        "session_data": "MzJiYmJhZTJjMTYyMTEzMGZjZjJkYjk3YmIwZTY2NGU0NmYzNmViODp7Il9hdXRoX3VzZXJfYmFja2VuZCI6ImRqYW5nby5jb250cmliLmF1dGguYmFja2VuZHMuTW9kZWxCYWNrZW5kIiwiX2F1dGhfdXNlcl9pZCI6MX0="
    }
},
{
    "pk": "1prsj3pw5cs9wpvr83eu0i56tubnxtme", 
    "model": "sessions.session", 
    "fields": {
        "expire_date": "2014-01-07T13:02:21.546Z", 
        "session_data": "MzJiYmJhZTJjMTYyMTEzMGZjZjJkYjk3YmIwZTY2NGU0NmYzNmViODp7Il9hdXRoX3VzZXJfYmFja2VuZCI6ImRqYW5nby5jb250cmliLmF1dGguYmFja2VuZHMuTW9kZWxCYWNrZW5kIiwiX2F1dGhfdXNlcl9pZCI6MX0="
    }
},
{
    "pk": "1siiqwc2qhcwlac55m73v46tht5boiqx", 
    "model": "sessions.session", 
    "fields": {
        "expire_date": "2014-01-08T08:03:40.859Z", 
        "session_data": "MzJiYmJhZTJjMTYyMTEzMGZjZjJkYjk3YmIwZTY2NGU0NmYzNmViODp7Il9hdXRoX3VzZXJfYmFja2VuZCI6ImRqYW5nby5jb250cmliLmF1dGguYmFja2VuZHMuTW9kZWxCYWNrZW5kIiwiX2F1dGhfdXNlcl9pZCI6MX0="
    }
},
{
    "pk": "27kqw0gamgo0o148cozysmrp0bbi57k1", 
    "model": "sessions.session", 
    "fields": {
        "expire_date": "2014-01-09T09:41:30.052Z", 
        "session_data": "MzJiYmJhZTJjMTYyMTEzMGZjZjJkYjk3YmIwZTY2NGU0NmYzNmViODp7Il9hdXRoX3VzZXJfYmFja2VuZCI6ImRqYW5nby5jb250cmliLmF1dGguYmFja2VuZHMuTW9kZWxCYWNrZW5kIiwiX2F1dGhfdXNlcl9pZCI6MX0="
    }
},
{
    "pk": "2cq0k8mzcfupnksuip3cc1azjtvuiyix", 
    "model": "sessions.session", 
    "fields": {
        "expire_date": "2014-01-11T15:00:56.671Z", 
        "session_data": "NTQyMWE4MGMzNzAwMDUyMjBhMWMzMjU0ZjgzZTBhZWVmYjg4MTQ5Nzp7Il9hdXRoX3VzZXJfYmFja2VuZCI6ImRqYW5nby5jb250cmliLmF1dGguYmFja2VuZHMuTW9kZWxCYWNrZW5kIiwiX2F1dGhfdXNlcl9pZCI6NX0="
    }
},
{
    "pk": "2f3viytuh15u91fri8hsr8ib0z6z2b50", 
    "model": "sessions.session", 
    "fields": {
        "expire_date": "2014-01-07T12:24:24.812Z", 
        "session_data": "MzJiYmJhZTJjMTYyMTEzMGZjZjJkYjk3YmIwZTY2NGU0NmYzNmViODp7Il9hdXRoX3VzZXJfYmFja2VuZCI6ImRqYW5nby5jb250cmliLmF1dGguYmFja2VuZHMuTW9kZWxCYWNrZW5kIiwiX2F1dGhfdXNlcl9pZCI6MX0="
    }
},
{
    "pk": "2j06mkwj7xe4m6ji00okj9wyma14qk0w", 
    "model": "sessions.session", 
    "fields": {
        "expire_date": "2014-01-11T16:52:15.562Z", 
        "session_data": "NTQyMWE4MGMzNzAwMDUyMjBhMWMzMjU0ZjgzZTBhZWVmYjg4MTQ5Nzp7Il9hdXRoX3VzZXJfYmFja2VuZCI6ImRqYW5nby5jb250cmliLmF1dGguYmFja2VuZHMuTW9kZWxCYWNrZW5kIiwiX2F1dGhfdXNlcl9pZCI6NX0="
    }
},
{
    "pk": "2lcdjit73f7ya015eedg9qtoymh7cskh", 
    "model": "sessions.session", 
    "fields": {
        "expire_date": "2014-01-07T09:44:31.468Z", 
        "session_data": "MzJiYmJhZTJjMTYyMTEzMGZjZjJkYjk3YmIwZTY2NGU0NmYzNmViODp7Il9hdXRoX3VzZXJfYmFja2VuZCI6ImRqYW5nby5jb250cmliLmF1dGguYmFja2VuZHMuTW9kZWxCYWNrZW5kIiwiX2F1dGhfdXNlcl9pZCI6MX0="
    }
},
{
    "pk": "2qc0cju5m7h9yeglpjkcaf3w8qdgg2kb", 
    "model": "sessions.session", 
    "fields": {
        "expire_date": "2014-01-08T08:20:27.765Z", 
        "session_data": "MzJiYmJhZTJjMTYyMTEzMGZjZjJkYjk3YmIwZTY2NGU0NmYzNmViODp7Il9hdXRoX3VzZXJfYmFja2VuZCI6ImRqYW5nby5jb250cmliLmF1dGguYmFja2VuZHMuTW9kZWxCYWNrZW5kIiwiX2F1dGhfdXNlcl9pZCI6MX0="
    }
},
{
    "pk": "2sbvj1o6mt2w3i6lnycrkpepsn9yk7ky", 
    "model": "sessions.session", 
    "fields": {
        "expire_date": "2014-01-07T10:41:44.718Z", 
        "session_data": "MzJiYmJhZTJjMTYyMTEzMGZjZjJkYjk3YmIwZTY2NGU0NmYzNmViODp7Il9hdXRoX3VzZXJfYmFja2VuZCI6ImRqYW5nby5jb250cmliLmF1dGguYmFja2VuZHMuTW9kZWxCYWNrZW5kIiwiX2F1dGhfdXNlcl9pZCI6MX0="
    }
},
{
    "pk": "32jjmtpntbudrfbfir282hu0tbksvji4", 
    "model": "sessions.session", 
    "fields": {
        "expire_date": "2014-01-07T12:49:41.609Z", 
        "session_data": "MzJiYmJhZTJjMTYyMTEzMGZjZjJkYjk3YmIwZTY2NGU0NmYzNmViODp7Il9hdXRoX3VzZXJfYmFja2VuZCI6ImRqYW5nby5jb250cmliLmF1dGguYmFja2VuZHMuTW9kZWxCYWNrZW5kIiwiX2F1dGhfdXNlcl9pZCI6MX0="
    }
},
{
    "pk": "3483cn07hwnm5y6aknkkkb5qkltb86kn", 
    "model": "sessions.session", 
    "fields": {
        "expire_date": "2014-01-08T08:20:34.156Z", 
        "session_data": "MzJiYmJhZTJjMTYyMTEzMGZjZjJkYjk3YmIwZTY2NGU0NmYzNmViODp7Il9hdXRoX3VzZXJfYmFja2VuZCI6ImRqYW5nby5jb250cmliLmF1dGguYmFja2VuZHMuTW9kZWxCYWNrZW5kIiwiX2F1dGhfdXNlcl9pZCI6MX0="
    }
},
{
    "pk": "3ndz6n721ysy6ahloewdfk5yyorhcrzc", 
    "model": "sessions.session", 
    "fields": {
        "expire_date": "2014-01-07T11:30:10.234Z", 
        "session_data": "MzJiYmJhZTJjMTYyMTEzMGZjZjJkYjk3YmIwZTY2NGU0NmYzNmViODp7Il9hdXRoX3VzZXJfYmFja2VuZCI6ImRqYW5nby5jb250cmliLmF1dGguYmFja2VuZHMuTW9kZWxCYWNrZW5kIiwiX2F1dGhfdXNlcl9pZCI6MX0="
    }
},
{
    "pk": "3x9vqd52x2r2ed2avqnnmnrbs97c8kek", 
    "model": "sessions.session", 
    "fields": {
        "expire_date": "2014-01-10T08:16:43.046Z", 
        "session_data": "MzJiYmJhZTJjMTYyMTEzMGZjZjJkYjk3YmIwZTY2NGU0NmYzNmViODp7Il9hdXRoX3VzZXJfYmFja2VuZCI6ImRqYW5nby5jb250cmliLmF1dGguYmFja2VuZHMuTW9kZWxCYWNrZW5kIiwiX2F1dGhfdXNlcl9pZCI6MX0="
    }
},
{
    "pk": "40fyvtct6zqonawyctcz8lst7c61f1z6", 
    "model": "sessions.session", 
    "fields": {
        "expire_date": "2014-01-10T08:16:36.906Z", 
        "session_data": "MTdjNTQ1MTBlNGNjNDU1NmQxMGU2YWQ4MDhlYmMxOTAzYWQ0OTg5ZDp7fQ=="
    }
},
{
    "pk": "45oa5m9o9d0quow2voghhrp3n5nt3ky7", 
    "model": "sessions.session", 
    "fields": {
        "expire_date": "2014-01-12T09:30:17.484Z", 
        "session_data": "NTQyMWE4MGMzNzAwMDUyMjBhMWMzMjU0ZjgzZTBhZWVmYjg4MTQ5Nzp7Il9hdXRoX3VzZXJfYmFja2VuZCI6ImRqYW5nby5jb250cmliLmF1dGguYmFja2VuZHMuTW9kZWxCYWNrZW5kIiwiX2F1dGhfdXNlcl9pZCI6NX0="
    }
},
{
    "pk": "49la29h8hdtnhefkfcmvijkt22pa5dxf", 
    "model": "sessions.session", 
    "fields": {
        "expire_date": "2014-01-11T16:40:28.281Z", 
        "session_data": "NTQyMWE4MGMzNzAwMDUyMjBhMWMzMjU0ZjgzZTBhZWVmYjg4MTQ5Nzp7Il9hdXRoX3VzZXJfYmFja2VuZCI6ImRqYW5nby5jb250cmliLmF1dGguYmFja2VuZHMuTW9kZWxCYWNrZW5kIiwiX2F1dGhfdXNlcl9pZCI6NX0="
    }
},
{
    "pk": "49zyaah8kig3oom10h9bln8eiuqtedze", 
    "model": "sessions.session", 
    "fields": {
        "expire_date": "2014-01-09T10:10:58.989Z", 
        "session_data": "MzJiYmJhZTJjMTYyMTEzMGZjZjJkYjk3YmIwZTY2NGU0NmYzNmViODp7Il9hdXRoX3VzZXJfYmFja2VuZCI6ImRqYW5nby5jb250cmliLmF1dGguYmFja2VuZHMuTW9kZWxCYWNrZW5kIiwiX2F1dGhfdXNlcl9pZCI6MX0="
    }
},
{
    "pk": "4bfqwrgk9f9czh0exjvtu8mvt2jai9p9", 
    "model": "sessions.session", 
    "fields": {
        "expire_date": "2014-01-12T07:33:42.109Z", 
        "session_data": "MzJiYmJhZTJjMTYyMTEzMGZjZjJkYjk3YmIwZTY2NGU0NmYzNmViODp7Il9hdXRoX3VzZXJfYmFja2VuZCI6ImRqYW5nby5jb250cmliLmF1dGguYmFja2VuZHMuTW9kZWxCYWNrZW5kIiwiX2F1dGhfdXNlcl9pZCI6MX0="
    }
},
{
    "pk": "4euafauqo76pysrimiv85blo4uvdshrq", 
    "model": "sessions.session", 
    "fields": {
        "expire_date": "2014-01-12T09:09:34.015Z", 
        "session_data": "MzJiYmJhZTJjMTYyMTEzMGZjZjJkYjk3YmIwZTY2NGU0NmYzNmViODp7Il9hdXRoX3VzZXJfYmFja2VuZCI6ImRqYW5nby5jb250cmliLmF1dGguYmFja2VuZHMuTW9kZWxCYWNrZW5kIiwiX2F1dGhfdXNlcl9pZCI6MX0="
    }
},
{
    "pk": "4g1ea2fs6ii48d4mcbju3v5w0tkanbc8", 
    "model": "sessions.session", 
    "fields": {
        "expire_date": "2014-01-08T08:10:41.468Z", 
        "session_data": "MzJiYmJhZTJjMTYyMTEzMGZjZjJkYjk3YmIwZTY2NGU0NmYzNmViODp7Il9hdXRoX3VzZXJfYmFja2VuZCI6ImRqYW5nby5jb250cmliLmF1dGguYmFja2VuZHMuTW9kZWxCYWNrZW5kIiwiX2F1dGhfdXNlcl9pZCI6MX0="
    }
},
{
    "pk": "4gqs3bc8g6p5v7bc6izm9i49ghzchlac", 
    "model": "sessions.session", 
    "fields": {
        "expire_date": "2014-01-07T09:40:47.531Z", 
        "session_data": "MGNhMGRiYjZhMzNhMWQ4MzFjNTU1OTU3ODIzYWE2M2RiZGEwOGQ3Mzp7Il9hdXRoX3VzZXJfYmFja2VuZCI6ImRqYW5nby5jb250cmliLmF1dGguYmFja2VuZHMuTW9kZWxCYWNrZW5kIiwiX2F1dGhfdXNlcl9pZCI6MTJ9"
    }
},
{
    "pk": "4h3xexdt2yat0t5ae5yloe7wxhxcvtht", 
    "model": "sessions.session", 
    "fields": {
        "expire_date": "2014-01-12T09:01:22.687Z", 
        "session_data": "NTQyMWE4MGMzNzAwMDUyMjBhMWMzMjU0ZjgzZTBhZWVmYjg4MTQ5Nzp7Il9hdXRoX3VzZXJfYmFja2VuZCI6ImRqYW5nby5jb250cmliLmF1dGguYmFja2VuZHMuTW9kZWxCYWNrZW5kIiwiX2F1dGhfdXNlcl9pZCI6NX0="
    }
},
{
    "pk": "4hxgfrollxjhy7amexro09l1k4c0o3wu", 
    "model": "sessions.session", 
    "fields": {
        "expire_date": "2014-01-08T08:10:28.328Z", 
        "session_data": "MzJiYmJhZTJjMTYyMTEzMGZjZjJkYjk3YmIwZTY2NGU0NmYzNmViODp7Il9hdXRoX3VzZXJfYmFja2VuZCI6ImRqYW5nby5jb250cmliLmF1dGguYmFja2VuZHMuTW9kZWxCYWNrZW5kIiwiX2F1dGhfdXNlcl9pZCI6MX0="
    }
},
{
    "pk": "4znowf3bm1vdbfzapdaveyjwp2pb0vw6", 
    "model": "sessions.session", 
    "fields": {
        "expire_date": "2014-01-07T12:52:05.015Z", 
        "session_data": "MzJiYmJhZTJjMTYyMTEzMGZjZjJkYjk3YmIwZTY2NGU0NmYzNmViODp7Il9hdXRoX3VzZXJfYmFja2VuZCI6ImRqYW5nby5jb250cmliLmF1dGguYmFja2VuZHMuTW9kZWxCYWNrZW5kIiwiX2F1dGhfdXNlcl9pZCI6MX0="
    }
},
{
    "pk": "53evrlps6bpgucgov5yf3gtqzajr7iw0", 
    "model": "sessions.session", 
    "fields": {
        "expire_date": "2014-01-12T07:31:52.187Z", 
        "session_data": "MzJiYmJhZTJjMTYyMTEzMGZjZjJkYjk3YmIwZTY2NGU0NmYzNmViODp7Il9hdXRoX3VzZXJfYmFja2VuZCI6ImRqYW5nby5jb250cmliLmF1dGguYmFja2VuZHMuTW9kZWxCYWNrZW5kIiwiX2F1dGhfdXNlcl9pZCI6MX0="
    }
},
{
    "pk": "57utcyd1gpoffp2b3xhv9b8ssxh7u13u", 
    "model": "sessions.session", 
    "fields": {
        "expire_date": "2014-01-12T08:04:29.453Z", 
        "session_data": "MzJiYmJhZTJjMTYyMTEzMGZjZjJkYjk3YmIwZTY2NGU0NmYzNmViODp7Il9hdXRoX3VzZXJfYmFja2VuZCI6ImRqYW5nby5jb250cmliLmF1dGguYmFja2VuZHMuTW9kZWxCYWNrZW5kIiwiX2F1dGhfdXNlcl9pZCI6MX0="
    }
},
{
    "pk": "580s112n36zu5u3agitgbe7h6pv4ewa5", 
    "model": "sessions.session", 
    "fields": {
        "expire_date": "2014-01-08T08:25:47.109Z", 
        "session_data": "MTdjNTQ1MTBlNGNjNDU1NmQxMGU2YWQ4MDhlYmMxOTAzYWQ0OTg5ZDp7fQ=="
    }
},
{
    "pk": "59ig0brvumdif37ia42f820ymjya8i92", 
    "model": "sessions.session", 
    "fields": {
        "expire_date": "2014-01-07T11:30:26.671Z", 
        "session_data": "MzJiYmJhZTJjMTYyMTEzMGZjZjJkYjk3YmIwZTY2NGU0NmYzNmViODp7Il9hdXRoX3VzZXJfYmFja2VuZCI6ImRqYW5nby5jb250cmliLmF1dGguYmFja2VuZHMuTW9kZWxCYWNrZW5kIiwiX2F1dGhfdXNlcl9pZCI6MX0="
    }
},
{
    "pk": "5bdkyi58koswbv4w42qq0zve8cxlpij6", 
    "model": "sessions.session", 
    "fields": {
        "expire_date": "2014-01-09T10:02:00.739Z", 
        "session_data": "MzJiYmJhZTJjMTYyMTEzMGZjZjJkYjk3YmIwZTY2NGU0NmYzNmViODp7Il9hdXRoX3VzZXJfYmFja2VuZCI6ImRqYW5nby5jb250cmliLmF1dGguYmFja2VuZHMuTW9kZWxCYWNrZW5kIiwiX2F1dGhfdXNlcl9pZCI6MX0="
    }
},
{
    "pk": "5eic2crjje9f6d0ikii47jt24l4bz42e", 
    "model": "sessions.session", 
    "fields": {
        "expire_date": "2014-01-09T09:41:56.583Z", 
        "session_data": "MzJiYmJhZTJjMTYyMTEzMGZjZjJkYjk3YmIwZTY2NGU0NmYzNmViODp7Il9hdXRoX3VzZXJfYmFja2VuZCI6ImRqYW5nby5jb250cmliLmF1dGguYmFja2VuZHMuTW9kZWxCYWNrZW5kIiwiX2F1dGhfdXNlcl9pZCI6MX0="
    }
},
{
    "pk": "5isj5na8yflbcwbyjz34jj7cdhzag5kv", 
    "model": "sessions.session", 
    "fields": {
        "expire_date": "2014-01-09T09:41:17.880Z", 
        "session_data": "MzJiYmJhZTJjMTYyMTEzMGZjZjJkYjk3YmIwZTY2NGU0NmYzNmViODp7Il9hdXRoX3VzZXJfYmFja2VuZCI6ImRqYW5nby5jb250cmliLmF1dGguYmFja2VuZHMuTW9kZWxCYWNrZW5kIiwiX2F1dGhfdXNlcl9pZCI6MX0="
    }
},
{
    "pk": "5kfvcen4cbpypuikko40ymd2g3alhmym", 
    "model": "sessions.session", 
    "fields": {
        "expire_date": "2014-01-08T08:21:21.109Z", 
        "session_data": "MzJiYmJhZTJjMTYyMTEzMGZjZjJkYjk3YmIwZTY2NGU0NmYzNmViODp7Il9hdXRoX3VzZXJfYmFja2VuZCI6ImRqYW5nby5jb250cmliLmF1dGguYmFja2VuZHMuTW9kZWxCYWNrZW5kIiwiX2F1dGhfdXNlcl9pZCI6MX0="
    }
},
{
    "pk": "5kpeeh0nvddi5iky0vceo41jsidd0ush", 
    "model": "sessions.session", 
    "fields": {
        "expire_date": "2014-01-09T10:10:52.255Z", 
        "session_data": "MTdjNTQ1MTBlNGNjNDU1NmQxMGU2YWQ4MDhlYmMxOTAzYWQ0OTg5ZDp7fQ=="
    }
},
{
    "pk": "5lhjw23d83okpipvpaw8jm3zjk73mij2", 
    "model": "sessions.session", 
    "fields": {
        "expire_date": "2014-01-12T09:31:11.609Z", 
        "session_data": "MzJiYmJhZTJjMTYyMTEzMGZjZjJkYjk3YmIwZTY2NGU0NmYzNmViODp7Il9hdXRoX3VzZXJfYmFja2VuZCI6ImRqYW5nby5jb250cmliLmF1dGguYmFja2VuZHMuTW9kZWxCYWNrZW5kIiwiX2F1dGhfdXNlcl9pZCI6MX0="
    }
},
{
    "pk": "5md0ibf3s60ehflip0cc3go93ufmehcc", 
    "model": "sessions.session", 
    "fields": {
        "expire_date": "2014-01-07T12:49:48.687Z", 
        "session_data": "MzJiYmJhZTJjMTYyMTEzMGZjZjJkYjk3YmIwZTY2NGU0NmYzNmViODp7Il9hdXRoX3VzZXJfYmFja2VuZCI6ImRqYW5nby5jb250cmliLmF1dGguYmFja2VuZHMuTW9kZWxCYWNrZW5kIiwiX2F1dGhfdXNlcl9pZCI6MX0="
    }
},
{
    "pk": "67d2h3yt1qe5j4qjg4epjfdckc0zqed6", 
    "model": "sessions.session", 
    "fields": {
        "expire_date": "2014-01-09T10:11:12.099Z", 
        "session_data": "MzJiYmJhZTJjMTYyMTEzMGZjZjJkYjk3YmIwZTY2NGU0NmYzNmViODp7Il9hdXRoX3VzZXJfYmFja2VuZCI6ImRqYW5nby5jb250cmliLmF1dGguYmFja2VuZHMuTW9kZWxCYWNrZW5kIiwiX2F1dGhfdXNlcl9pZCI6MX0="
    }
},
{
    "pk": "6c9qezxbx6qmb6surru507nv7wrqab8o", 
    "model": "sessions.session", 
    "fields": {
        "expire_date": "2014-01-12T09:14:30.984Z", 
        "session_data": "NTQyMWE4MGMzNzAwMDUyMjBhMWMzMjU0ZjgzZTBhZWVmYjg4MTQ5Nzp7Il9hdXRoX3VzZXJfYmFja2VuZCI6ImRqYW5nby5jb250cmliLmF1dGguYmFja2VuZHMuTW9kZWxCYWNrZW5kIiwiX2F1dGhfdXNlcl9pZCI6NX0="
    }
},
{
    "pk": "6etssyvfolpj2djs00zzdqzi9fsycbcx", 
    "model": "sessions.session", 
    "fields": {
        "expire_date": "2014-01-11T15:51:44.953Z", 
        "session_data": "NTQyMWE4MGMzNzAwMDUyMjBhMWMzMjU0ZjgzZTBhZWVmYjg4MTQ5Nzp7Il9hdXRoX3VzZXJfYmFja2VuZCI6ImRqYW5nby5jb250cmliLmF1dGguYmFja2VuZHMuTW9kZWxCYWNrZW5kIiwiX2F1dGhfdXNlcl9pZCI6NX0="
    }
},
{
    "pk": "6ka2tfknh996ynb11rbdhyy3b8mc1rvg", 
    "model": "sessions.session", 
    "fields": {
        "expire_date": "2014-01-09T10:10:32.818Z", 
        "session_data": "MzJiYmJhZTJjMTYyMTEzMGZjZjJkYjk3YmIwZTY2NGU0NmYzNmViODp7Il9hdXRoX3VzZXJfYmFja2VuZCI6ImRqYW5nby5jb250cmliLmF1dGguYmFja2VuZHMuTW9kZWxCYWNrZW5kIiwiX2F1dGhfdXNlcl9pZCI6MX0="
    }
},
{
    "pk": "6mg8rz8ofd95c9urorftlqhte18demo9", 
    "model": "sessions.session", 
    "fields": {
        "expire_date": "2014-01-09T10:05:04.349Z", 
        "session_data": "MzJiYmJhZTJjMTYyMTEzMGZjZjJkYjk3YmIwZTY2NGU0NmYzNmViODp7Il9hdXRoX3VzZXJfYmFja2VuZCI6ImRqYW5nby5jb250cmliLmF1dGguYmFja2VuZHMuTW9kZWxCYWNrZW5kIiwiX2F1dGhfdXNlcl9pZCI6MX0="
    }
},
{
    "pk": "6noycln4yomx99th7bbyhkvff2eazab7", 
    "model": "sessions.session", 
    "fields": {
        "expire_date": "2014-01-07T09:44:55.625Z", 
        "session_data": "MzJiYmJhZTJjMTYyMTEzMGZjZjJkYjk3YmIwZTY2NGU0NmYzNmViODp7Il9hdXRoX3VzZXJfYmFja2VuZCI6ImRqYW5nby5jb250cmliLmF1dGguYmFja2VuZHMuTW9kZWxCYWNrZW5kIiwiX2F1dGhfdXNlcl9pZCI6MX0="
    }
},
{
    "pk": "6qvaprh55vzo1zqzo2bw5oc6ebpjmsvy", 
    "model": "sessions.session", 
    "fields": {
        "expire_date": "2014-01-12T08:04:22.718Z", 
        "session_data": "MzJiYmJhZTJjMTYyMTEzMGZjZjJkYjk3YmIwZTY2NGU0NmYzNmViODp7Il9hdXRoX3VzZXJfYmFja2VuZCI6ImRqYW5nby5jb250cmliLmF1dGguYmFja2VuZHMuTW9kZWxCYWNrZW5kIiwiX2F1dGhfdXNlcl9pZCI6MX0="
    }
},
{
    "pk": "6w0mmeijntr3kqhdt5wr3l7tjw3ie0y4", 
    "model": "sessions.session", 
    "fields": {
        "expire_date": "2014-01-08T08:15:08.953Z", 
        "session_data": "MzJiYmJhZTJjMTYyMTEzMGZjZjJkYjk3YmIwZTY2NGU0NmYzNmViODp7Il9hdXRoX3VzZXJfYmFja2VuZCI6ImRqYW5nby5jb250cmliLmF1dGguYmFja2VuZHMuTW9kZWxCYWNrZW5kIiwiX2F1dGhfdXNlcl9pZCI6MX0="
    }
},
{
    "pk": "6yfk5mrda8gw35mcrw2cbmbml5kv7vw0", 
    "model": "sessions.session", 
    "fields": {
        "expire_date": "2014-01-08T08:17:30.578Z", 
        "session_data": "MzJiYmJhZTJjMTYyMTEzMGZjZjJkYjk3YmIwZTY2NGU0NmYzNmViODp7Il9hdXRoX3VzZXJfYmFja2VuZCI6ImRqYW5nby5jb250cmliLmF1dGguYmFja2VuZHMuTW9kZWxCYWNrZW5kIiwiX2F1dGhfdXNlcl9pZCI6MX0="
    }
},
{
    "pk": "75agcpw5uz23gh8rrzsutlue6zjhf9oo", 
    "model": "sessions.session", 
    "fields": {
        "expire_date": "2014-01-12T09:11:44.250Z", 
        "session_data": "MzJiYmJhZTJjMTYyMTEzMGZjZjJkYjk3YmIwZTY2NGU0NmYzNmViODp7Il9hdXRoX3VzZXJfYmFja2VuZCI6ImRqYW5nby5jb250cmliLmF1dGguYmFja2VuZHMuTW9kZWxCYWNrZW5kIiwiX2F1dGhfdXNlcl9pZCI6MX0="
    }
},
{
    "pk": "76mcd0u61kpv7uawmt65snrab58gmroz", 
    "model": "sessions.session", 
    "fields": {
        "expire_date": "2014-01-11T15:57:32.984Z", 
        "session_data": "NTQyMWE4MGMzNzAwMDUyMjBhMWMzMjU0ZjgzZTBhZWVmYjg4MTQ5Nzp7Il9hdXRoX3VzZXJfYmFja2VuZCI6ImRqYW5nby5jb250cmliLmF1dGguYmFja2VuZHMuTW9kZWxCYWNrZW5kIiwiX2F1dGhfdXNlcl9pZCI6NX0="
    }
},
{
    "pk": "7d7hlh2op8gdi3ht6pfl8gouiq00xv3q", 
    "model": "sessions.session", 
    "fields": {
        "expire_date": "2014-01-07T11:04:17.968Z", 
        "session_data": "MzJiYmJhZTJjMTYyMTEzMGZjZjJkYjk3YmIwZTY2NGU0NmYzNmViODp7Il9hdXRoX3VzZXJfYmFja2VuZCI6ImRqYW5nby5jb250cmliLmF1dGguYmFja2VuZHMuTW9kZWxCYWNrZW5kIiwiX2F1dGhfdXNlcl9pZCI6MX0="
    }
},
{
    "pk": "7e29h4mo1bejcfx8o4xwyxaur79h7zbq", 
    "model": "sessions.session", 
    "fields": {
        "expire_date": "2014-01-07T12:54:23.640Z", 
        "session_data": "MzJiYmJhZTJjMTYyMTEzMGZjZjJkYjk3YmIwZTY2NGU0NmYzNmViODp7Il9hdXRoX3VzZXJfYmFja2VuZCI6ImRqYW5nby5jb250cmliLmF1dGguYmFja2VuZHMuTW9kZWxCYWNrZW5kIiwiX2F1dGhfdXNlcl9pZCI6MX0="
    }
},
{
    "pk": "7e72gadh52q33yrm5738vh7cgg918od0", 
    "model": "sessions.session", 
    "fields": {
        "expire_date": "2014-01-12T07:38:42.890Z", 
        "session_data": "MzJiYmJhZTJjMTYyMTEzMGZjZjJkYjk3YmIwZTY2NGU0NmYzNmViODp7Il9hdXRoX3VzZXJfYmFja2VuZCI6ImRqYW5nby5jb250cmliLmF1dGguYmFja2VuZHMuTW9kZWxCYWNrZW5kIiwiX2F1dGhfdXNlcl9pZCI6MX0="
    }
},
{
    "pk": "7hah0phxgxj3pwpuvl6j934ly26f5o1m", 
    "model": "sessions.session", 
    "fields": {
        "expire_date": "2014-01-12T07:38:22.281Z", 
        "session_data": "MzJiYmJhZTJjMTYyMTEzMGZjZjJkYjk3YmIwZTY2NGU0NmYzNmViODp7Il9hdXRoX3VzZXJfYmFja2VuZCI6ImRqYW5nby5jb250cmliLmF1dGguYmFja2VuZHMuTW9kZWxCYWNrZW5kIiwiX2F1dGhfdXNlcl9pZCI6MX0="
    }
},
{
    "pk": "7ki9t9f8btlnrazh79w4att6ka1ml0hz", 
    "model": "sessions.session", 
    "fields": {
        "expire_date": "2014-01-11T18:53:32.500Z", 
        "session_data": "NTQyMWE4MGMzNzAwMDUyMjBhMWMzMjU0ZjgzZTBhZWVmYjg4MTQ5Nzp7Il9hdXRoX3VzZXJfYmFja2VuZCI6ImRqYW5nby5jb250cmliLmF1dGguYmFja2VuZHMuTW9kZWxCYWNrZW5kIiwiX2F1dGhfdXNlcl9pZCI6NX0="
    }
},
{
    "pk": "7n40qxzt9o3jwjh46pmbmo6jvqm2dnhr", 
    "model": "sessions.session", 
    "fields": {
        "expire_date": "2014-01-10T08:17:08.609Z", 
        "session_data": "MzJiYmJhZTJjMTYyMTEzMGZjZjJkYjk3YmIwZTY2NGU0NmYzNmViODp7Il9hdXRoX3VzZXJfYmFja2VuZCI6ImRqYW5nby5jb250cmliLmF1dGguYmFja2VuZHMuTW9kZWxCYWNrZW5kIiwiX2F1dGhfdXNlcl9pZCI6MX0="
    }
},
{
    "pk": "7ozw4hyjlv7cai9kgtbf8tyo6ix9l4wg", 
    "model": "sessions.session", 
    "fields": {
        "expire_date": "2014-01-12T07:44:57.171Z", 
        "session_data": "NTQyMWE4MGMzNzAwMDUyMjBhMWMzMjU0ZjgzZTBhZWVmYjg4MTQ5Nzp7Il9hdXRoX3VzZXJfYmFja2VuZCI6ImRqYW5nby5jb250cmliLmF1dGguYmFja2VuZHMuTW9kZWxCYWNrZW5kIiwiX2F1dGhfdXNlcl9pZCI6NX0="
    }
},
{
    "pk": "7v2j3rnu3l0oa7v0y2qkf9oppt1mntgm", 
    "model": "sessions.session", 
    "fields": {
        "expire_date": "2014-01-11T16:01:30.656Z", 
        "session_data": "NTQyMWE4MGMzNzAwMDUyMjBhMWMzMjU0ZjgzZTBhZWVmYjg4MTQ5Nzp7Il9hdXRoX3VzZXJfYmFja2VuZCI6ImRqYW5nby5jb250cmliLmF1dGguYmFja2VuZHMuTW9kZWxCYWNrZW5kIiwiX2F1dGhfdXNlcl9pZCI6NX0="
    }
},
{
    "pk": "7vuz7yuku7dyy50dojfu82xxwx0oo587", 
    "model": "sessions.session", 
    "fields": {
        "expire_date": "2014-01-09T10:09:03.911Z", 
        "session_data": "MzJiYmJhZTJjMTYyMTEzMGZjZjJkYjk3YmIwZTY2NGU0NmYzNmViODp7Il9hdXRoX3VzZXJfYmFja2VuZCI6ImRqYW5nby5jb250cmliLmF1dGguYmFja2VuZHMuTW9kZWxCYWNrZW5kIiwiX2F1dGhfdXNlcl9pZCI6MX0="
    }
},
{
    "pk": "7yve7dbh8w6whrnlosdb6wxygy56ud1r", 
    "model": "sessions.session", 
    "fields": {
        "expire_date": "2014-01-09T10:04:50.974Z", 
        "session_data": "MzJiYmJhZTJjMTYyMTEzMGZjZjJkYjk3YmIwZTY2NGU0NmYzNmViODp7Il9hdXRoX3VzZXJfYmFja2VuZCI6ImRqYW5nby5jb250cmliLmF1dGguYmFja2VuZHMuTW9kZWxCYWNrZW5kIiwiX2F1dGhfdXNlcl9pZCI6MX0="
    }
},
{
    "pk": "80uu5winuw3py4pxdbs9slhzxs538yu9", 
    "model": "sessions.session", 
    "fields": {
        "expire_date": "2014-01-12T09:08:51.796Z", 
        "session_data": "MzJiYmJhZTJjMTYyMTEzMGZjZjJkYjk3YmIwZTY2NGU0NmYzNmViODp7Il9hdXRoX3VzZXJfYmFja2VuZCI6ImRqYW5nby5jb250cmliLmF1dGguYmFja2VuZHMuTW9kZWxCYWNrZW5kIiwiX2F1dGhfdXNlcl9pZCI6MX0="
    }
},
{
    "pk": "84004ovu3ncigc7v0n9756nltqa65m57", 
    "model": "sessions.session", 
    "fields": {
        "expire_date": "2014-01-12T08:59:13.234Z", 
        "session_data": "MTdjNTQ1MTBlNGNjNDU1NmQxMGU2YWQ4MDhlYmMxOTAzYWQ0OTg5ZDp7fQ=="
    }
},
{
    "pk": "84b96dus7xkmum6p9c19vd58bu1puo1a", 
    "model": "sessions.session", 
    "fields": {
        "expire_date": "2014-01-09T10:01:53.661Z", 
        "session_data": "MzJiYmJhZTJjMTYyMTEzMGZjZjJkYjk3YmIwZTY2NGU0NmYzNmViODp7Il9hdXRoX3VzZXJfYmFja2VuZCI6ImRqYW5nby5jb250cmliLmF1dGguYmFja2VuZHMuTW9kZWxCYWNrZW5kIiwiX2F1dGhfdXNlcl9pZCI6MX0="
    }
},
{
    "pk": "8afq10pmryu7klk3s4pzxeg0qtz3btn8", 
    "model": "sessions.session", 
    "fields": {
        "expire_date": "2014-01-07T11:41:18.390Z", 
        "session_data": "MzJiYmJhZTJjMTYyMTEzMGZjZjJkYjk3YmIwZTY2NGU0NmYzNmViODp7Il9hdXRoX3VzZXJfYmFja2VuZCI6ImRqYW5nby5jb250cmliLmF1dGguYmFja2VuZHMuTW9kZWxCYWNrZW5kIiwiX2F1dGhfdXNlcl9pZCI6MX0="
    }
},
{
    "pk": "8i7c3bijdjzr4kd9sh5w66noxzy2c42q", 
    "model": "sessions.session", 
    "fields": {
        "expire_date": "2014-01-07T12:24:01.625Z", 
        "session_data": "MzJiYmJhZTJjMTYyMTEzMGZjZjJkYjk3YmIwZTY2NGU0NmYzNmViODp7Il9hdXRoX3VzZXJfYmFja2VuZCI6ImRqYW5nby5jb250cmliLmF1dGguYmFja2VuZHMuTW9kZWxCYWNrZW5kIiwiX2F1dGhfdXNlcl9pZCI6MX0="
    }
},
{
    "pk": "8k7c7u08eczsf2jlt0di8d8hmpkzfn8t", 
    "model": "sessions.session", 
    "fields": {
        "expire_date": "2014-01-09T10:08:38.911Z", 
        "session_data": "MTdjNTQ1MTBlNGNjNDU1NmQxMGU2YWQ4MDhlYmMxOTAzYWQ0OTg5ZDp7fQ=="
    }
},
{
    "pk": "8kxetjs7sxl6nbhfqh2bpuf8gja5qvvj", 
    "model": "sessions.session", 
    "fields": {
        "expire_date": "2014-01-12T11:50:54.890Z", 
        "session_data": "NTQyMWE4MGMzNzAwMDUyMjBhMWMzMjU0ZjgzZTBhZWVmYjg4MTQ5Nzp7Il9hdXRoX3VzZXJfYmFja2VuZCI6ImRqYW5nby5jb250cmliLmF1dGguYmFja2VuZHMuTW9kZWxCYWNrZW5kIiwiX2F1dGhfdXNlcl9pZCI6NX0="
    }
},
{
    "pk": "8ookwxofjkwpeqartxmbu2w5i7rvfy7w", 
    "model": "sessions.session", 
    "fields": {
        "expire_date": "2014-01-12T07:31:33.203Z", 
        "session_data": "MzJiYmJhZTJjMTYyMTEzMGZjZjJkYjk3YmIwZTY2NGU0NmYzNmViODp7Il9hdXRoX3VzZXJfYmFja2VuZCI6ImRqYW5nby5jb250cmliLmF1dGguYmFja2VuZHMuTW9kZWxCYWNrZW5kIiwiX2F1dGhfdXNlcl9pZCI6MX0="
    }
},
{
    "pk": "8p971n2m8cguv7q7ag67peghoq4lrk3d", 
    "model": "sessions.session", 
    "fields": {
        "expire_date": "2014-01-12T08:04:07.937Z", 
        "session_data": "MzJiYmJhZTJjMTYyMTEzMGZjZjJkYjk3YmIwZTY2NGU0NmYzNmViODp7Il9hdXRoX3VzZXJfYmFja2VuZCI6ImRqYW5nby5jb250cmliLmF1dGguYmFja2VuZHMuTW9kZWxCYWNrZW5kIiwiX2F1dGhfdXNlcl9pZCI6MX0="
    }
},
{
    "pk": "8y5ohsanfxghd4uq0lhcpad4xxgwor6e", 
    "model": "sessions.session", 
    "fields": {
        "expire_date": "2014-01-08T08:03:15Z", 
        "session_data": "MTdjNTQ1MTBlNGNjNDU1NmQxMGU2YWQ4MDhlYmMxOTAzYWQ0OTg5ZDp7fQ=="
    }
},
{
    "pk": "926srfcpund59yfjc0xvh9rhff02hxnv", 
    "model": "sessions.session", 
    "fields": {
        "expire_date": "2014-01-12T09:09:25.937Z", 
        "session_data": "MzJiYmJhZTJjMTYyMTEzMGZjZjJkYjk3YmIwZTY2NGU0NmYzNmViODp7Il9hdXRoX3VzZXJfYmFja2VuZCI6ImRqYW5nby5jb250cmliLmF1dGguYmFja2VuZHMuTW9kZWxCYWNrZW5kIiwiX2F1dGhfdXNlcl9pZCI6MX0="
    }
},
{
    "pk": "97463iygl0grh5loo5w25wcakiujvnct", 
    "model": "sessions.session", 
    "fields": {
        "expire_date": "2014-01-12T09:02:56.859Z", 
        "session_data": "MTdjNTQ1MTBlNGNjNDU1NmQxMGU2YWQ4MDhlYmMxOTAzYWQ0OTg5ZDp7fQ=="
    }
},
{
    "pk": "99qi35gi2a9y85lg82aau1qoh2ygueb1", 
    "model": "sessions.session", 
    "fields": {
        "expire_date": "2014-01-09T10:01:41.286Z", 
        "session_data": "MzJiYmJhZTJjMTYyMTEzMGZjZjJkYjk3YmIwZTY2NGU0NmYzNmViODp7Il9hdXRoX3VzZXJfYmFja2VuZCI6ImRqYW5nby5jb250cmliLmF1dGguYmFja2VuZHMuTW9kZWxCYWNrZW5kIiwiX2F1dGhfdXNlcl9pZCI6MX0="
    }
},
{
    "pk": "9aw6h0314gg6iodyqc1mtiwq8s6yle3j", 
    "model": "sessions.session", 
    "fields": {
        "expire_date": "2014-01-12T07:37:09.328Z", 
        "session_data": "MzJiYmJhZTJjMTYyMTEzMGZjZjJkYjk3YmIwZTY2NGU0NmYzNmViODp7Il9hdXRoX3VzZXJfYmFja2VuZCI6ImRqYW5nby5jb250cmliLmF1dGguYmFja2VuZHMuTW9kZWxCYWNrZW5kIiwiX2F1dGhfdXNlcl9pZCI6MX0="
    }
},
{
    "pk": "9h1o5hc3h68femdtalcqcyhq5wdccbxs", 
    "model": "sessions.session", 
    "fields": {
        "expire_date": "2014-01-11T15:50:44.218Z", 
        "session_data": "NTQyMWE4MGMzNzAwMDUyMjBhMWMzMjU0ZjgzZTBhZWVmYjg4MTQ5Nzp7Il9hdXRoX3VzZXJfYmFja2VuZCI6ImRqYW5nby5jb250cmliLmF1dGguYmFja2VuZHMuTW9kZWxCYWNrZW5kIiwiX2F1dGhfdXNlcl9pZCI6NX0="
    }
},
{
    "pk": "9k6k9te7u0mu70sf21chy4w43vysrp4w", 
    "model": "sessions.session", 
    "fields": {
        "expire_date": "2014-01-09T09:41:49.255Z", 
        "session_data": "MzJiYmJhZTJjMTYyMTEzMGZjZjJkYjk3YmIwZTY2NGU0NmYzNmViODp7Il9hdXRoX3VzZXJfYmFja2VuZCI6ImRqYW5nby5jb250cmliLmF1dGguYmFja2VuZHMuTW9kZWxCYWNrZW5kIiwiX2F1dGhfdXNlcl9pZCI6MX0="
    }
},
{
    "pk": "9rm6r54js7zhicycnwwcbz1aglput0i4", 
    "model": "sessions.session", 
    "fields": {
        "expire_date": "2014-01-10T08:17:01.781Z", 
        "session_data": "MzJiYmJhZTJjMTYyMTEzMGZjZjJkYjk3YmIwZTY2NGU0NmYzNmViODp7Il9hdXRoX3VzZXJfYmFja2VuZCI6ImRqYW5nby5jb250cmliLmF1dGguYmFja2VuZHMuTW9kZWxCYWNrZW5kIiwiX2F1dGhfdXNlcl9pZCI6MX0="
    }
},
{
    "pk": "9rq3ws026afm1o7jjo9jd0cnscr6326y", 
    "model": "sessions.session", 
    "fields": {
        "expire_date": "2014-01-11T16:45:02.921Z", 
        "session_data": "NTQyMWE4MGMzNzAwMDUyMjBhMWMzMjU0ZjgzZTBhZWVmYjg4MTQ5Nzp7Il9hdXRoX3VzZXJfYmFja2VuZCI6ImRqYW5nby5jb250cmliLmF1dGguYmFja2VuZHMuTW9kZWxCYWNrZW5kIiwiX2F1dGhfdXNlcl9pZCI6NX0="
    }
},
{
    "pk": "9v4bg0xsfi7ye6iv0x44ho9fl6kvnlz1", 
    "model": "sessions.session", 
    "fields": {
        "expire_date": "2014-01-08T08:21:34.765Z", 
        "session_data": "MzJiYmJhZTJjMTYyMTEzMGZjZjJkYjk3YmIwZTY2NGU0NmYzNmViODp7Il9hdXRoX3VzZXJfYmFja2VuZCI6ImRqYW5nby5jb250cmliLmF1dGguYmFja2VuZHMuTW9kZWxCYWNrZW5kIiwiX2F1dGhfdXNlcl9pZCI6MX0="
    }
},
{
    "pk": "a7iw9y1xh8w6jy0ucgabasjiitxxbs9y", 
    "model": "sessions.session", 
    "fields": {
        "expire_date": "2014-01-10T08:16:30.218Z", 
        "session_data": "MzJiYmJhZTJjMTYyMTEzMGZjZjJkYjk3YmIwZTY2NGU0NmYzNmViODp7Il9hdXRoX3VzZXJfYmFja2VuZCI6ImRqYW5nby5jb250cmliLmF1dGguYmFja2VuZHMuTW9kZWxCYWNrZW5kIiwiX2F1dGhfdXNlcl9pZCI6MX0="
    }
},
{
    "pk": "a8dnm8q7ojn5revko5e5os77jq9wus7l", 
    "model": "sessions.session", 
    "fields": {
        "expire_date": "2014-01-07T12:21:08.453Z", 
        "session_data": "MzJiYmJhZTJjMTYyMTEzMGZjZjJkYjk3YmIwZTY2NGU0NmYzNmViODp7Il9hdXRoX3VzZXJfYmFja2VuZCI6ImRqYW5nby5jb250cmliLmF1dGguYmFja2VuZHMuTW9kZWxCYWNrZW5kIiwiX2F1dGhfdXNlcl9pZCI6MX0="
    }
},
{
    "pk": "a9i9gqn60cqz2gvo6schbdv9ge8ocaae", 
    "model": "sessions.session", 
    "fields": {
        "expire_date": "2014-01-09T10:10:45.833Z", 
        "session_data": "MzJiYmJhZTJjMTYyMTEzMGZjZjJkYjk3YmIwZTY2NGU0NmYzNmViODp7Il9hdXRoX3VzZXJfYmFja2VuZCI6ImRqYW5nby5jb250cmliLmF1dGguYmFja2VuZHMuTW9kZWxCYWNrZW5kIiwiX2F1dGhfdXNlcl9pZCI6MX0="
    }
},
{
    "pk": "adz58yr3qtlev5qigkqwpkni642zg7gm", 
    "model": "sessions.session", 
    "fields": {
        "expire_date": "2014-01-11T16:41:38.921Z", 
        "session_data": "NTQyMWE4MGMzNzAwMDUyMjBhMWMzMjU0ZjgzZTBhZWVmYjg4MTQ5Nzp7Il9hdXRoX3VzZXJfYmFja2VuZCI6ImRqYW5nby5jb250cmliLmF1dGguYmFja2VuZHMuTW9kZWxCYWNrZW5kIiwiX2F1dGhfdXNlcl9pZCI6NX0="
    }
},
{
    "pk": "auyzf0a139755uwc0sx77oqq3337t66f", 
    "model": "sessions.session", 
    "fields": {
        "expire_date": "2014-01-12T07:31:59.734Z", 
        "session_data": "MzJiYmJhZTJjMTYyMTEzMGZjZjJkYjk3YmIwZTY2NGU0NmYzNmViODp7Il9hdXRoX3VzZXJfYmFja2VuZCI6ImRqYW5nby5jb250cmliLmF1dGguYmFja2VuZHMuTW9kZWxCYWNrZW5kIiwiX2F1dGhfdXNlcl9pZCI6MX0="
    }
},
{
    "pk": "ayhr3ada55jctuch15j1gzfzwcf1rnrt", 
    "model": "sessions.session", 
    "fields": {
        "expire_date": "2014-01-12T07:36:55.812Z", 
        "session_data": "MzJiYmJhZTJjMTYyMTEzMGZjZjJkYjk3YmIwZTY2NGU0NmYzNmViODp7Il9hdXRoX3VzZXJfYmFja2VuZCI6ImRqYW5nby5jb250cmliLmF1dGguYmFja2VuZHMuTW9kZWxCYWNrZW5kIiwiX2F1dGhfdXNlcl9pZCI6MX0="
    }
},
{
    "pk": "b4gezqs7oo6mydlyjhn10x6qd9jlp7hp", 
    "model": "sessions.session", 
    "fields": {
        "expire_date": "2014-01-08T08:17:42.859Z", 
        "session_data": "MzJiYmJhZTJjMTYyMTEzMGZjZjJkYjk3YmIwZTY2NGU0NmYzNmViODp7Il9hdXRoX3VzZXJfYmFja2VuZCI6ImRqYW5nby5jb250cmliLmF1dGguYmFja2VuZHMuTW9kZWxCYWNrZW5kIiwiX2F1dGhfdXNlcl9pZCI6MX0="
    }
},
{
    "pk": "b4rzgjhg9vhoftyzwnol9jg9hatu27g8", 
    "model": "sessions.session", 
    "fields": {
        "expire_date": "2014-01-12T07:37:22.796Z", 
        "session_data": "MzJiYmJhZTJjMTYyMTEzMGZjZjJkYjk3YmIwZTY2NGU0NmYzNmViODp7Il9hdXRoX3VzZXJfYmFja2VuZCI6ImRqYW5nby5jb250cmliLmF1dGguYmFja2VuZHMuTW9kZWxCYWNrZW5kIiwiX2F1dGhfdXNlcl9pZCI6MX0="
    }
},
{
    "pk": "b8q0s87qi39lgtt3ihfjrjfd9lixvo73", 
    "model": "sessions.session", 
    "fields": {
        "expire_date": "2014-01-07T10:12:23.156Z", 
        "session_data": "MzJiYmJhZTJjMTYyMTEzMGZjZjJkYjk3YmIwZTY2NGU0NmYzNmViODp7Il9hdXRoX3VzZXJfYmFja2VuZCI6ImRqYW5nby5jb250cmliLmF1dGguYmFja2VuZHMuTW9kZWxCYWNrZW5kIiwiX2F1dGhfdXNlcl9pZCI6MX0="
    }
},
{
    "pk": "bevw17auqn0mf2d1rgqvt5cnky9yml2e", 
    "model": "sessions.session", 
    "fields": {
        "expire_date": "2014-01-12T09:30:44.421Z", 
        "session_data": "MzJiYmJhZTJjMTYyMTEzMGZjZjJkYjk3YmIwZTY2NGU0NmYzNmViODp7Il9hdXRoX3VzZXJfYmFja2VuZCI6ImRqYW5nby5jb250cmliLmF1dGguYmFja2VuZHMuTW9kZWxCYWNrZW5kIiwiX2F1dGhfdXNlcl9pZCI6MX0="
    }
},
{
    "pk": "bia07kw98mp814u656chrh682gecb2tx", 
    "model": "sessions.session", 
    "fields": {
        "expire_date": "2014-01-12T11:34:35.609Z", 
        "session_data": "NTQyMWE4MGMzNzAwMDUyMjBhMWMzMjU0ZjgzZTBhZWVmYjg4MTQ5Nzp7Il9hdXRoX3VzZXJfYmFja2VuZCI6ImRqYW5nby5jb250cmliLmF1dGguYmFja2VuZHMuTW9kZWxCYWNrZW5kIiwiX2F1dGhfdXNlcl9pZCI6NX0="
    }
},
{
    "pk": "bl5tqkwss07gx2zftzmcuwuskdfkvndv", 
    "model": "sessions.session", 
    "fields": {
        "expire_date": "2014-01-08T08:26:08.515Z", 
        "session_data": "MzJiYmJhZTJjMTYyMTEzMGZjZjJkYjk3YmIwZTY2NGU0NmYzNmViODp7Il9hdXRoX3VzZXJfYmFja2VuZCI6ImRqYW5nby5jb250cmliLmF1dGguYmFja2VuZHMuTW9kZWxCYWNrZW5kIiwiX2F1dGhfdXNlcl9pZCI6MX0="
    }
},
{
    "pk": "blbn3y34dlyq1xlyxihzuqczohknoes2", 
    "model": "sessions.session", 
    "fields": {
        "expire_date": "2014-01-08T08:15:34.921Z", 
        "session_data": "MzJiYmJhZTJjMTYyMTEzMGZjZjJkYjk3YmIwZTY2NGU0NmYzNmViODp7Il9hdXRoX3VzZXJfYmFja2VuZCI6ImRqYW5nby5jb250cmliLmF1dGguYmFja2VuZHMuTW9kZWxCYWNrZW5kIiwiX2F1dGhfdXNlcl9pZCI6MX0="
    }
},
{
    "pk": "bmexbecopz0v84k0hzek8moxi71j6kzi", 
    "model": "sessions.session", 
    "fields": {
        "expire_date": "2014-01-10T08:15:56.937Z", 
        "session_data": "MzJiYmJhZTJjMTYyMTEzMGZjZjJkYjk3YmIwZTY2NGU0NmYzNmViODp7Il9hdXRoX3VzZXJfYmFja2VuZCI6ImRqYW5nby5jb250cmliLmF1dGguYmFja2VuZHMuTW9kZWxCYWNrZW5kIiwiX2F1dGhfdXNlcl9pZCI6MX0="
    }
},
{
    "pk": "bptt4uxuiexndbutc4icdhtwdigsd5u4", 
    "model": "sessions.session", 
    "fields": {
        "expire_date": "2014-01-11T18:44:59.906Z", 
        "session_data": "NTQyMWE4MGMzNzAwMDUyMjBhMWMzMjU0ZjgzZTBhZWVmYjg4MTQ5Nzp7Il9hdXRoX3VzZXJfYmFja2VuZCI6ImRqYW5nby5jb250cmliLmF1dGguYmFja2VuZHMuTW9kZWxCYWNrZW5kIiwiX2F1dGhfdXNlcl9pZCI6NX0="
    }
},
{
    "pk": "buwbfuo2aoq1wb09t70tsaylghsgrmat", 
    "model": "sessions.session", 
    "fields": {
        "expire_date": "2014-01-11T15:01:57.843Z", 
        "session_data": "NTQyMWE4MGMzNzAwMDUyMjBhMWMzMjU0ZjgzZTBhZWVmYjg4MTQ5Nzp7Il9hdXRoX3VzZXJfYmFja2VuZCI6ImRqYW5nby5jb250cmliLmF1dGguYmFja2VuZHMuTW9kZWxCYWNrZW5kIiwiX2F1dGhfdXNlcl9pZCI6NX0="
    }
},
{
    "pk": "bzs7brxibsyni7v6bridj2mljw6upg59", 
    "model": "sessions.session", 
    "fields": {
        "expire_date": "2014-01-12T09:09:17.718Z", 
        "session_data": "MzJiYmJhZTJjMTYyMTEzMGZjZjJkYjk3YmIwZTY2NGU0NmYzNmViODp7Il9hdXRoX3VzZXJfYmFja2VuZCI6ImRqYW5nby5jb250cmliLmF1dGguYmFja2VuZHMuTW9kZWxCYWNrZW5kIiwiX2F1dGhfdXNlcl9pZCI6MX0="
    }
},
{
    "pk": "c9std5x5nn0lblyyf22wj1skd3n7bm6e", 
    "model": "sessions.session", 
    "fields": {
        "expire_date": "2014-01-12T08:04:36.578Z", 
        "session_data": "MzJiYmJhZTJjMTYyMTEzMGZjZjJkYjk3YmIwZTY2NGU0NmYzNmViODp7Il9hdXRoX3VzZXJfYmFja2VuZCI6ImRqYW5nby5jb250cmliLmF1dGguYmFja2VuZHMuTW9kZWxCYWNrZW5kIiwiX2F1dGhfdXNlcl9pZCI6MX0="
    }
},
{
    "pk": "cetqtnxgxq9bhblezqdvkg239x2j63jt", 
    "model": "sessions.session", 
    "fields": {
        "expire_date": "2014-01-12T07:37:02.453Z", 
        "session_data": "MzJiYmJhZTJjMTYyMTEzMGZjZjJkYjk3YmIwZTY2NGU0NmYzNmViODp7Il9hdXRoX3VzZXJfYmFja2VuZCI6ImRqYW5nby5jb250cmliLmF1dGguYmFja2VuZHMuTW9kZWxCYWNrZW5kIiwiX2F1dGhfdXNlcl9pZCI6MX0="
    }
},
{
    "pk": "cjq229xn11fkrj7hev5ii9hbv3a499z2", 
    "model": "sessions.session", 
    "fields": {
        "expire_date": "2014-01-09T10:10:39.255Z", 
        "session_data": "MTdjNTQ1MTBlNGNjNDU1NmQxMGU2YWQ4MDhlYmMxOTAzYWQ0OTg5ZDp7fQ=="
    }
},
{
    "pk": "cmbh3gbhv2kjmxijp46xl5vx1sj8fius", 
    "model": "sessions.session", 
    "fields": {
        "expire_date": "2014-01-12T08:03:54.500Z", 
        "session_data": "MzJiYmJhZTJjMTYyMTEzMGZjZjJkYjk3YmIwZTY2NGU0NmYzNmViODp7Il9hdXRoX3VzZXJfYmFja2VuZCI6ImRqYW5nby5jb250cmliLmF1dGguYmFja2VuZHMuTW9kZWxCYWNrZW5kIiwiX2F1dGhfdXNlcl9pZCI6MX0="
    }
},
{
    "pk": "cn8s22piexbqu2wflsahq59s7oqdxogk", 
    "model": "sessions.session", 
    "fields": {
        "expire_date": "2014-01-11T15:27:18.828Z", 
        "session_data": "NTQyMWE4MGMzNzAwMDUyMjBhMWMzMjU0ZjgzZTBhZWVmYjg4MTQ5Nzp7Il9hdXRoX3VzZXJfYmFja2VuZCI6ImRqYW5nby5jb250cmliLmF1dGguYmFja2VuZHMuTW9kZWxCYWNrZW5kIiwiX2F1dGhfdXNlcl9pZCI6NX0="
    }
},
{
    "pk": "cod0mznw062i9bjwoi7z3fccja6gz41y", 
    "model": "sessions.session", 
    "fields": {
        "expire_date": "2014-01-11T16:47:25.375Z", 
        "session_data": "NTQyMWE4MGMzNzAwMDUyMjBhMWMzMjU0ZjgzZTBhZWVmYjg4MTQ5Nzp7Il9hdXRoX3VzZXJfYmFja2VuZCI6ImRqYW5nby5jb250cmliLmF1dGguYmFja2VuZHMuTW9kZWxCYWNrZW5kIiwiX2F1dGhfdXNlcl9pZCI6NX0="
    }
},
{
    "pk": "cz44cnsui8guymu0ubkqv8ovrlnge1i2", 
    "model": "sessions.session", 
    "fields": {
        "expire_date": "2014-01-12T09:12:03.828Z", 
        "session_data": "MzJiYmJhZTJjMTYyMTEzMGZjZjJkYjk3YmIwZTY2NGU0NmYzNmViODp7Il9hdXRoX3VzZXJfYmFja2VuZCI6ImRqYW5nby5jb250cmliLmF1dGguYmFja2VuZHMuTW9kZWxCYWNrZW5kIiwiX2F1dGhfdXNlcl9pZCI6MX0="
    }
},
{
    "pk": "d1emki0t9mcsigynfacoj5i5a6744srp", 
    "model": "sessions.session", 
    "fields": {
        "expire_date": "2014-01-07T12:53:53.406Z", 
        "session_data": "MzJiYmJhZTJjMTYyMTEzMGZjZjJkYjk3YmIwZTY2NGU0NmYzNmViODp7Il9hdXRoX3VzZXJfYmFja2VuZCI6ImRqYW5nby5jb250cmliLmF1dGguYmFja2VuZHMuTW9kZWxCYWNrZW5kIiwiX2F1dGhfdXNlcl9pZCI6MX0="
    }
},
{
    "pk": "d9l4266ngagy26lll2istzcw9tdh2wa9", 
    "model": "sessions.session", 
    "fields": {
        "expire_date": "2014-01-08T08:03:48.109Z", 
        "session_data": "MzJiYmJhZTJjMTYyMTEzMGZjZjJkYjk3YmIwZTY2NGU0NmYzNmViODp7Il9hdXRoX3VzZXJfYmFja2VuZCI6ImRqYW5nby5jb250cmliLmF1dGguYmFja2VuZHMuTW9kZWxCYWNrZW5kIiwiX2F1dGhfdXNlcl9pZCI6MX0="
    }
},
{
    "pk": "d9s1m8u07nchtsdi53j8zj5pj1bqqfqv", 
    "model": "sessions.session", 
    "fields": {
        "expire_date": "2014-01-12T11:26:42.015Z", 
        "session_data": "NTQyMWE4MGMzNzAwMDUyMjBhMWMzMjU0ZjgzZTBhZWVmYjg4MTQ5Nzp7Il9hdXRoX3VzZXJfYmFja2VuZCI6ImRqYW5nby5jb250cmliLmF1dGguYmFja2VuZHMuTW9kZWxCYWNrZW5kIiwiX2F1dGhfdXNlcl9pZCI6NX0="
    }
},
{
    "pk": "di0kr8oy0czghrc2h4nu5828tf00nnbm", 
    "model": "sessions.session", 
    "fields": {
        "expire_date": "2014-01-08T08:21:41.812Z", 
        "session_data": "MzJiYmJhZTJjMTYyMTEzMGZjZjJkYjk3YmIwZTY2NGU0NmYzNmViODp7Il9hdXRoX3VzZXJfYmFja2VuZCI6ImRqYW5nby5jb250cmliLmF1dGguYmFja2VuZHMuTW9kZWxCYWNrZW5kIiwiX2F1dGhfdXNlcl9pZCI6MX0="
    }
},
{
    "pk": "dpltilmr5mcldur5opvjf6cgs3hfm99g", 
    "model": "sessions.session", 
    "fields": {
        "expire_date": "2014-01-11T16:00:50.265Z", 
        "session_data": "NTQyMWE4MGMzNzAwMDUyMjBhMWMzMjU0ZjgzZTBhZWVmYjg4MTQ5Nzp7Il9hdXRoX3VzZXJfYmFja2VuZCI6ImRqYW5nby5jb250cmliLmF1dGguYmFja2VuZHMuTW9kZWxCYWNrZW5kIiwiX2F1dGhfdXNlcl9pZCI6NX0="
    }
},
{
    "pk": "dr4fv2kbe6q1nk3mimmzw3r7jkob4uar", 
    "model": "sessions.session", 
    "fields": {
        "expire_date": "2014-01-10T08:15:50.453Z", 
        "session_data": "MzJiYmJhZTJjMTYyMTEzMGZjZjJkYjk3YmIwZTY2NGU0NmYzNmViODp7Il9hdXRoX3VzZXJfYmFja2VuZCI6ImRqYW5nby5jb250cmliLmF1dGguYmFja2VuZHMuTW9kZWxCYWNrZW5kIiwiX2F1dGhfdXNlcl9pZCI6MX0="
    }
},
{
    "pk": "dupy2pv9n2ozs48tjf23xslpjc9a9nri", 
    "model": "sessions.session", 
    "fields": {
        "expire_date": "2014-01-08T08:10:34.734Z", 
        "session_data": "MzJiYmJhZTJjMTYyMTEzMGZjZjJkYjk3YmIwZTY2NGU0NmYzNmViODp7Il9hdXRoX3VzZXJfYmFja2VuZCI6ImRqYW5nby5jb250cmliLmF1dGguYmFja2VuZHMuTW9kZWxCYWNrZW5kIiwiX2F1dGhfdXNlcl9pZCI6MX0="
    }
},
{
    "pk": "dz4v9wf117421d2r2gkxjer6ndg6tyri", 
    "model": "sessions.session", 
    "fields": {
        "expire_date": "2014-01-07T13:01:18.906Z", 
        "session_data": "MzJiYmJhZTJjMTYyMTEzMGZjZjJkYjk3YmIwZTY2NGU0NmYzNmViODp7Il9hdXRoX3VzZXJfYmFja2VuZCI6ImRqYW5nby5jb250cmliLmF1dGguYmFja2VuZHMuTW9kZWxCYWNrZW5kIiwiX2F1dGhfdXNlcl9pZCI6MX0="
    }
},
{
    "pk": "ea3760ac6c9xrp7pnyzi8ta2r7nzbxsp", 
    "model": "sessions.session", 
    "fields": {
        "expire_date": "2014-01-09T10:11:18.802Z", 
        "session_data": "MzJiYmJhZTJjMTYyMTEzMGZjZjJkYjk3YmIwZTY2NGU0NmYzNmViODp7Il9hdXRoX3VzZXJfYmFja2VuZCI6ImRqYW5nby5jb250cmliLmF1dGguYmFja2VuZHMuTW9kZWxCYWNrZW5kIiwiX2F1dGhfdXNlcl9pZCI6MX0="
    }
},
{
    "pk": "eaooid29mvtv4o6qt2lwm8akr3csiy8a", 
    "model": "sessions.session", 
    "fields": {
        "expire_date": "2014-01-12T07:36:43.421Z", 
        "session_data": "MzJiYmJhZTJjMTYyMTEzMGZjZjJkYjk3YmIwZTY2NGU0NmYzNmViODp7Il9hdXRoX3VzZXJfYmFja2VuZCI6ImRqYW5nby5jb250cmliLmF1dGguYmFja2VuZHMuTW9kZWxCYWNrZW5kIiwiX2F1dGhfdXNlcl9pZCI6MX0="
    }
},
{
    "pk": "eat9lj0yrt2id7jmtmcqrasv8mu8eb6e", 
    "model": "sessions.session", 
    "fields": {
        "expire_date": "2014-01-11T14:57:35.375Z", 
        "session_data": "NTQyMWE4MGMzNzAwMDUyMjBhMWMzMjU0ZjgzZTBhZWVmYjg4MTQ5Nzp7Il9hdXRoX3VzZXJfYmFja2VuZCI6ImRqYW5nby5jb250cmliLmF1dGguYmFja2VuZHMuTW9kZWxCYWNrZW5kIiwiX2F1dGhfdXNlcl9pZCI6NX0="
    }
},
{
    "pk": "elfye4xr45repcsvzvodtnjvugfs8ule", 
    "model": "sessions.session", 
    "fields": {
        "expire_date": "2014-01-07T12:49:30.984Z", 
        "session_data": "MzJiYmJhZTJjMTYyMTEzMGZjZjJkYjk3YmIwZTY2NGU0NmYzNmViODp7Il9hdXRoX3VzZXJfYmFja2VuZCI6ImRqYW5nby5jb250cmliLmF1dGguYmFja2VuZHMuTW9kZWxCYWNrZW5kIiwiX2F1dGhfdXNlcl9pZCI6MX0="
    }
},
{
    "pk": "eo96iniz4ho4el32t25uspwlrz7z6zi3", 
    "model": "sessions.session", 
    "fields": {
        "expire_date": "2014-01-12T11:52:06.890Z", 
        "session_data": "NTQyMWE4MGMzNzAwMDUyMjBhMWMzMjU0ZjgzZTBhZWVmYjg4MTQ5Nzp7Il9hdXRoX3VzZXJfYmFja2VuZCI6ImRqYW5nby5jb250cmliLmF1dGguYmFja2VuZHMuTW9kZWxCYWNrZW5kIiwiX2F1dGhfdXNlcl9pZCI6NX0="
    }
},
{
    "pk": "ex3l2s2o975w3c7hgpth2wgxjmavr8y7", 
    "model": "sessions.session", 
    "fields": {
        "expire_date": "2014-01-12T08:42:43.375Z", 
        "session_data": "NTQyMWE4MGMzNzAwMDUyMjBhMWMzMjU0ZjgzZTBhZWVmYjg4MTQ5Nzp7Il9hdXRoX3VzZXJfYmFja2VuZCI6ImRqYW5nby5jb250cmliLmF1dGguYmFja2VuZHMuTW9kZWxCYWNrZW5kIiwiX2F1dGhfdXNlcl9pZCI6NX0="
    }
},
{
    "pk": "f0m6zn2g70jivmtewmcakrekae08bzce", 
    "model": "sessions.session", 
    "fields": {
        "expire_date": "2014-01-07T12:54:16.812Z", 
        "session_data": "MzJiYmJhZTJjMTYyMTEzMGZjZjJkYjk3YmIwZTY2NGU0NmYzNmViODp7Il9hdXRoX3VzZXJfYmFja2VuZCI6ImRqYW5nby5jb250cmliLmF1dGguYmFja2VuZHMuTW9kZWxCYWNrZW5kIiwiX2F1dGhfdXNlcl9pZCI6MX0="
    }
},
{
    "pk": "f7ll9x1qfiti5so3xi3sintoxsv5guy9", 
    "model": "sessions.session", 
    "fields": {
        "expire_date": "2014-01-09T10:08:25.489Z", 
        "session_data": "MTdjNTQ1MTBlNGNjNDU1NmQxMGU2YWQ4MDhlYmMxOTAzYWQ0OTg5ZDp7fQ=="
    }
},
{
    "pk": "f8i8v6i62jksuaah7rgsyupoinuzotia", 
    "model": "sessions.session", 
    "fields": {
        "expire_date": "2014-01-10T08:16:55.984Z", 
        "session_data": "MzJiYmJhZTJjMTYyMTEzMGZjZjJkYjk3YmIwZTY2NGU0NmYzNmViODp7Il9hdXRoX3VzZXJfYmFja2VuZCI6ImRqYW5nby5jb250cmliLmF1dGguYmFja2VuZHMuTW9kZWxCYWNrZW5kIiwiX2F1dGhfdXNlcl9pZCI6MX0="
    }
},
{
    "pk": "fi3hsp89qdewslj9kbcit6lzsfd08bpm", 
    "model": "sessions.session", 
    "fields": {
        "expire_date": "2014-01-07T12:21:18.468Z", 
        "session_data": "MzJiYmJhZTJjMTYyMTEzMGZjZjJkYjk3YmIwZTY2NGU0NmYzNmViODp7Il9hdXRoX3VzZXJfYmFja2VuZCI6ImRqYW5nby5jb250cmliLmF1dGguYmFja2VuZHMuTW9kZWxCYWNrZW5kIiwiX2F1dGhfdXNlcl9pZCI6MX0="
    }
},
{
    "pk": "fj7tsc2ne3411lug4j1n5c3pzkjn4j4y", 
    "model": "sessions.session", 
    "fields": {
        "expire_date": "2014-01-07T12:20:46.656Z", 
        "session_data": "MzJiYmJhZTJjMTYyMTEzMGZjZjJkYjk3YmIwZTY2NGU0NmYzNmViODp7Il9hdXRoX3VzZXJfYmFja2VuZCI6ImRqYW5nby5jb250cmliLmF1dGguYmFja2VuZHMuTW9kZWxCYWNrZW5kIiwiX2F1dGhfdXNlcl9pZCI6MX0="
    }
},
{
    "pk": "fp34zq7kpr71fxgxqdmsn6n84l1hqe4x", 
    "model": "sessions.session", 
    "fields": {
        "expire_date": "2014-01-11T15:09:09.140Z", 
        "session_data": "NTQyMWE4MGMzNzAwMDUyMjBhMWMzMjU0ZjgzZTBhZWVmYjg4MTQ5Nzp7Il9hdXRoX3VzZXJfYmFja2VuZCI6ImRqYW5nby5jb250cmliLmF1dGguYmFja2VuZHMuTW9kZWxCYWNrZW5kIiwiX2F1dGhfdXNlcl9pZCI6NX0="
    }
},
{
    "pk": "fqni0pytzn25kyeez3riiwc71eerdq6y", 
    "model": "sessions.session", 
    "fields": {
        "expire_date": "2014-01-08T08:03:27.796Z", 
        "session_data": "MzJiYmJhZTJjMTYyMTEzMGZjZjJkYjk3YmIwZTY2NGU0NmYzNmViODp7Il9hdXRoX3VzZXJfYmFja2VuZCI6ImRqYW5nby5jb250cmliLmF1dGguYmFja2VuZHMuTW9kZWxCYWNrZW5kIiwiX2F1dGhfdXNlcl9pZCI6MX0="
    }
},
{
    "pk": "fxz8envmztqwnaf396oo7jzgrvvnm18y", 
    "model": "sessions.session", 
    "fields": {
        "expire_date": "2014-01-08T08:21:28.187Z", 
        "session_data": "MTdjNTQ1MTBlNGNjNDU1NmQxMGU2YWQ4MDhlYmMxOTAzYWQ0OTg5ZDp7fQ=="
    }
},
{
    "pk": "fzykxa13dk33fj9qwfspqs9b07jd211b", 
    "model": "sessions.session", 
    "fields": {
        "expire_date": "2014-01-07T11:30:42.750Z", 
        "session_data": "MzJiYmJhZTJjMTYyMTEzMGZjZjJkYjk3YmIwZTY2NGU0NmYzNmViODp7Il9hdXRoX3VzZXJfYmFja2VuZCI6ImRqYW5nby5jb250cmliLmF1dGguYmFja2VuZHMuTW9kZWxCYWNrZW5kIiwiX2F1dGhfdXNlcl9pZCI6MX0="
    }
},
{
    "pk": "gfi8j4v7plrlgrcwdk976owybc759ctb", 
    "model": "sessions.session", 
    "fields": {
        "expire_date": "2014-01-12T07:31:26.859Z", 
        "session_data": "MTdjNTQ1MTBlNGNjNDU1NmQxMGU2YWQ4MDhlYmMxOTAzYWQ0OTg5ZDp7fQ=="
    }
},
{
    "pk": "gix6ka8exlkxr3v702n8mzqfejdyk1of", 
    "model": "sessions.session", 
    "fields": {
        "expire_date": "2014-01-09T10:08:18.739Z", 
        "session_data": "MzJiYmJhZTJjMTYyMTEzMGZjZjJkYjk3YmIwZTY2NGU0NmYzNmViODp7Il9hdXRoX3VzZXJfYmFja2VuZCI6ImRqYW5nby5jb250cmliLmF1dGguYmFja2VuZHMuTW9kZWxCYWNrZW5kIiwiX2F1dGhfdXNlcl9pZCI6MX0="
    }
},
{
    "pk": "gj7u97cqzui68p27d2n1gezpyw9m4s4i", 
    "model": "sessions.session", 
    "fields": {
        "expire_date": "2014-01-12T08:30:00.234Z", 
        "session_data": "NTQyMWE4MGMzNzAwMDUyMjBhMWMzMjU0ZjgzZTBhZWVmYjg4MTQ5Nzp7Il9hdXRoX3VzZXJfYmFja2VuZCI6ImRqYW5nby5jb250cmliLmF1dGguYmFja2VuZHMuTW9kZWxCYWNrZW5kIiwiX2F1dGhfdXNlcl9pZCI6NX0="
    }
},
{
    "pk": "gxt8uit4vkw18yr3ga26dgik2v4zewsv", 
    "model": "sessions.session", 
    "fields": {
        "expire_date": "2014-01-08T08:26:01.546Z", 
        "session_data": "MzJiYmJhZTJjMTYyMTEzMGZjZjJkYjk3YmIwZTY2NGU0NmYzNmViODp7Il9hdXRoX3VzZXJfYmFja2VuZCI6ImRqYW5nby5jb250cmliLmF1dGguYmFja2VuZHMuTW9kZWxCYWNrZW5kIiwiX2F1dGhfdXNlcl9pZCI6MX0="
    }
},
{
    "pk": "h2owqvaqq1huvy2bw51wmse4ky95hn2h", 
    "model": "sessions.session", 
    "fields": {
        "expire_date": "2014-01-09T10:08:44.833Z", 
        "session_data": "MzJiYmJhZTJjMTYyMTEzMGZjZjJkYjk3YmIwZTY2NGU0NmYzNmViODp7Il9hdXRoX3VzZXJfYmFja2VuZCI6ImRqYW5nby5jb250cmliLmF1dGguYmFja2VuZHMuTW9kZWxCYWNrZW5kIiwiX2F1dGhfdXNlcl9pZCI6MX0="
    }
},
{
    "pk": "h6z9sralnxl30tczkky106f1puc015bp", 
    "model": "sessions.session", 
    "fields": {
        "expire_date": "2014-01-09T11:25:16.380Z", 
        "session_data": "MzJiYmJhZTJjMTYyMTEzMGZjZjJkYjk3YmIwZTY2NGU0NmYzNmViODp7Il9hdXRoX3VzZXJfYmFja2VuZCI6ImRqYW5nby5jb250cmliLmF1dGguYmFja2VuZHMuTW9kZWxCYWNrZW5kIiwiX2F1dGhfdXNlcl9pZCI6MX0="
    }
},
{
    "pk": "h9sofu2kaak6xfp5h3ietlvse9z65mtu", 
    "model": "sessions.session", 
    "fields": {
        "expire_date": "2014-01-08T08:07:05.375Z", 
        "session_data": "MzJiYmJhZTJjMTYyMTEzMGZjZjJkYjk3YmIwZTY2NGU0NmYzNmViODp7Il9hdXRoX3VzZXJfYmFja2VuZCI6ImRqYW5nby5jb250cmliLmF1dGguYmFja2VuZHMuTW9kZWxCYWNrZW5kIiwiX2F1dGhfdXNlcl9pZCI6MX0="
    }
},
{
    "pk": "hcaapijrukl6b30br5khva2xgkrelo6k", 
    "model": "sessions.session", 
    "fields": {
        "expire_date": "2014-01-11T14:27:30.796Z", 
        "session_data": "NTQyMWE4MGMzNzAwMDUyMjBhMWMzMjU0ZjgzZTBhZWVmYjg4MTQ5Nzp7Il9hdXRoX3VzZXJfYmFja2VuZCI6ImRqYW5nby5jb250cmliLmF1dGguYmFja2VuZHMuTW9kZWxCYWNrZW5kIiwiX2F1dGhfdXNlcl9pZCI6NX0="
    }
},
{
    "pk": "hdz0xmaug2drvh83elp3zlujcbgew531", 
    "model": "sessions.session", 
    "fields": {
        "expire_date": "2014-01-11T14:24:11.750Z", 
        "session_data": "NTQyMWE4MGMzNzAwMDUyMjBhMWMzMjU0ZjgzZTBhZWVmYjg4MTQ5Nzp7Il9hdXRoX3VzZXJfYmFja2VuZCI6ImRqYW5nby5jb250cmliLmF1dGguYmFja2VuZHMuTW9kZWxCYWNrZW5kIiwiX2F1dGhfdXNlcl9pZCI6NX0="
    }
},
{
    "pk": "hhilcz570y5voagukwbip98icm7gg6r2", 
    "model": "sessions.session", 
    "fields": {
        "expire_date": "2014-01-09T11:24:47.130Z", 
        "session_data": "MzJiYmJhZTJjMTYyMTEzMGZjZjJkYjk3YmIwZTY2NGU0NmYzNmViODp7Il9hdXRoX3VzZXJfYmFja2VuZCI6ImRqYW5nby5jb250cmliLmF1dGguYmFja2VuZHMuTW9kZWxCYWNrZW5kIiwiX2F1dGhfdXNlcl9pZCI6MX0="
    }
},
{
    "pk": "hiqwbh6910yy3cof4tysn3w6xg6erbfk", 
    "model": "sessions.session", 
    "fields": {
        "expire_date": "2014-01-09T11:25:09.614Z", 
        "session_data": "MzJiYmJhZTJjMTYyMTEzMGZjZjJkYjk3YmIwZTY2NGU0NmYzNmViODp7Il9hdXRoX3VzZXJfYmFja2VuZCI6ImRqYW5nby5jb250cmliLmF1dGguYmFja2VuZHMuTW9kZWxCYWNrZW5kIiwiX2F1dGhfdXNlcl9pZCI6MX0="
    }
},
{
    "pk": "hu4xj5anfeej52ji7hwov8u0bnaeah2v", 
    "model": "sessions.session", 
    "fields": {
        "expire_date": "2014-01-08T08:03:08.968Z", 
        "session_data": "MzJiYmJhZTJjMTYyMTEzMGZjZjJkYjk3YmIwZTY2NGU0NmYzNmViODp7Il9hdXRoX3VzZXJfYmFja2VuZCI6ImRqYW5nby5jb250cmliLmF1dGguYmFja2VuZHMuTW9kZWxCYWNrZW5kIiwiX2F1dGhfdXNlcl9pZCI6MX0="
    }
},
{
    "pk": "hwq0jzrwjj561cv2rlwigbabidj4ruee", 
    "model": "sessions.session", 
    "fields": {
        "expire_date": "2014-01-07T12:51:58.468Z", 
        "session_data": "MzJiYmJhZTJjMTYyMTEzMGZjZjJkYjk3YmIwZTY2NGU0NmYzNmViODp7Il9hdXRoX3VzZXJfYmFja2VuZCI6ImRqYW5nby5jb250cmliLmF1dGguYmFja2VuZHMuTW9kZWxCYWNrZW5kIiwiX2F1dGhfdXNlcl9pZCI6MX0="
    }
},
{
    "pk": "iel7zxi46epmyas1zd09quoa31vh3y23", 
    "model": "sessions.session", 
    "fields": {
        "expire_date": "2014-01-09T10:05:31.458Z", 
        "session_data": "MzJiYmJhZTJjMTYyMTEzMGZjZjJkYjk3YmIwZTY2NGU0NmYzNmViODp7Il9hdXRoX3VzZXJfYmFja2VuZCI6ImRqYW5nby5jb250cmliLmF1dGguYmFja2VuZHMuTW9kZWxCYWNrZW5kIiwiX2F1dGhfdXNlcl9pZCI6MX0="
    }
},
{
    "pk": "ifsuou9q4169kzg8u5z6jak4au2p78og", 
    "model": "sessions.session", 
    "fields": {
        "expire_date": "2014-01-12T08:03:43.937Z", 
        "session_data": "NTQyMWE4MGMzNzAwMDUyMjBhMWMzMjU0ZjgzZTBhZWVmYjg4MTQ5Nzp7Il9hdXRoX3VzZXJfYmFja2VuZCI6ImRqYW5nby5jb250cmliLmF1dGguYmFja2VuZHMuTW9kZWxCYWNrZW5kIiwiX2F1dGhfdXNlcl9pZCI6NX0="
    }
},
{
    "pk": "ilpjnui7d0f7kfgr8gutjksckz2bdn0v", 
    "model": "sessions.session", 
    "fields": {
        "expire_date": "2014-01-09T09:41:24.224Z", 
        "session_data": "MTdjNTQ1MTBlNGNjNDU1NmQxMGU2YWQ4MDhlYmMxOTAzYWQ0OTg5ZDp7fQ=="
    }
},
{
    "pk": "iopmay857cxxabpgos6elro4hujq1563", 
    "model": "sessions.session", 
    "fields": {
        "expire_date": "2014-01-09T10:08:57.521Z", 
        "session_data": "MzJiYmJhZTJjMTYyMTEzMGZjZjJkYjk3YmIwZTY2NGU0NmYzNmViODp7Il9hdXRoX3VzZXJfYmFja2VuZCI6ImRqYW5nby5jb250cmliLmF1dGguYmFja2VuZHMuTW9kZWxCYWNrZW5kIiwiX2F1dGhfdXNlcl9pZCI6MX0="
    }
},
{
    "pk": "irdogik914wsn33i5wkbpzfp5qz6az9w", 
    "model": "sessions.session", 
    "fields": {
        "expire_date": "2014-01-09T10:01:21.677Z", 
        "session_data": "MzJiYmJhZTJjMTYyMTEzMGZjZjJkYjk3YmIwZTY2NGU0NmYzNmViODp7Il9hdXRoX3VzZXJfYmFja2VuZCI6ImRqYW5nby5jb250cmliLmF1dGguYmFja2VuZHMuTW9kZWxCYWNrZW5kIiwiX2F1dGhfdXNlcl9pZCI6MX0="
    }
},
{
    "pk": "ism7kq1g2w8rwp87vkrfht9nsfakflsb", 
    "model": "sessions.session", 
    "fields": {
        "expire_date": "2014-01-07T10:57:44.546Z", 
        "session_data": "MzJiYmJhZTJjMTYyMTEzMGZjZjJkYjk3YmIwZTY2NGU0NmYzNmViODp7Il9hdXRoX3VzZXJfYmFja2VuZCI6ImRqYW5nby5jb250cmliLmF1dGguYmFja2VuZHMuTW9kZWxCYWNrZW5kIiwiX2F1dGhfdXNlcl9pZCI6MX0="
    }
},
{
    "pk": "iwma7ufqmki030ykyoan3qnfct31qnve", 
    "model": "sessions.session", 
    "fields": {
        "expire_date": "2014-01-09T10:05:17.943Z", 
        "session_data": "MzJiYmJhZTJjMTYyMTEzMGZjZjJkYjk3YmIwZTY2NGU0NmYzNmViODp7Il9hdXRoX3VzZXJfYmFja2VuZCI6ImRqYW5nby5jb250cmliLmF1dGguYmFja2VuZHMuTW9kZWxCYWNrZW5kIiwiX2F1dGhfdXNlcl9pZCI6MX0="
    }
},
{
    "pk": "izsh9pn8qn8s861adwx5ag7ofoq2295e", 
    "model": "sessions.session", 
    "fields": {
        "expire_date": "2014-01-07T10:41:51.546Z", 
        "session_data": "MTdjNTQ1MTBlNGNjNDU1NmQxMGU2YWQ4MDhlYmMxOTAzYWQ0OTg5ZDp7fQ=="
    }
},
{
    "pk": "j3pe8to8pniu893lfqpgbrurwky79oun", 
    "model": "sessions.session", 
    "fields": {
        "expire_date": "2014-01-12T07:47:34.156Z", 
        "session_data": "NTQyMWE4MGMzNzAwMDUyMjBhMWMzMjU0ZjgzZTBhZWVmYjg4MTQ5Nzp7Il9hdXRoX3VzZXJfYmFja2VuZCI6ImRqYW5nby5jb250cmliLmF1dGguYmFja2VuZHMuTW9kZWxCYWNrZW5kIiwiX2F1dGhfdXNlcl9pZCI6NX0="
    }
},
{
    "pk": "j776w9vhdz8wj0kp4qr47r3ilflj0g9l", 
    "model": "sessions.session", 
    "fields": {
        "expire_date": "2014-01-11T19:04:31.187Z", 
        "session_data": "NTQyMWE4MGMzNzAwMDUyMjBhMWMzMjU0ZjgzZTBhZWVmYjg4MTQ5Nzp7Il9hdXRoX3VzZXJfYmFja2VuZCI6ImRqYW5nby5jb250cmliLmF1dGguYmFja2VuZHMuTW9kZWxCYWNrZW5kIiwiX2F1dGhfdXNlcl9pZCI6NX0="
    }
},
{
    "pk": "jb5d31doo4xbwrnyocs9g15cz3xldol3", 
    "model": "sessions.session", 
    "fields": {
        "expire_date": "2014-01-07T13:01:25.406Z", 
        "session_data": "MzJiYmJhZTJjMTYyMTEzMGZjZjJkYjk3YmIwZTY2NGU0NmYzNmViODp7Il9hdXRoX3VzZXJfYmFja2VuZCI6ImRqYW5nby5jb250cmliLmF1dGguYmFja2VuZHMuTW9kZWxCYWNrZW5kIiwiX2F1dGhfdXNlcl9pZCI6MX0="
    }
},
{
    "pk": "jcigdv3vbzeqyu23lb7tvfz767hxgpih", 
    "model": "sessions.session", 
    "fields": {
        "expire_date": "2014-01-07T11:30:20.125Z", 
        "session_data": "MzJiYmJhZTJjMTYyMTEzMGZjZjJkYjk3YmIwZTY2NGU0NmYzNmViODp7Il9hdXRoX3VzZXJfYmFja2VuZCI6ImRqYW5nby5jb250cmliLmF1dGguYmFja2VuZHMuTW9kZWxCYWNrZW5kIiwiX2F1dGhfdXNlcl9pZCI6MX0="
    }
},
{
    "pk": "jezrmg4bozgbosmxs2rbcfam4havbjzk", 
    "model": "sessions.session", 
    "fields": {
        "expire_date": "2014-01-07T11:03:17.703Z", 
        "session_data": "MzJiYmJhZTJjMTYyMTEzMGZjZjJkYjk3YmIwZTY2NGU0NmYzNmViODp7Il9hdXRoX3VzZXJfYmFja2VuZCI6ImRqYW5nby5jb250cmliLmF1dGguYmFja2VuZHMuTW9kZWxCYWNrZW5kIiwiX2F1dGhfdXNlcl9pZCI6MX0="
    }
},
{
    "pk": "jg62sbj7nxk13lu34o8deo9uuj10qdzq", 
    "model": "sessions.session", 
    "fields": {
        "expire_date": "2014-01-07T10:05:29.515Z", 
        "session_data": "MzJiYmJhZTJjMTYyMTEzMGZjZjJkYjk3YmIwZTY2NGU0NmYzNmViODp7Il9hdXRoX3VzZXJfYmFja2VuZCI6ImRqYW5nby5jb250cmliLmF1dGguYmFja2VuZHMuTW9kZWxCYWNrZW5kIiwiX2F1dGhfdXNlcl9pZCI6MX0="
    }
},
{
    "pk": "jkpfef0qo1lo3a1mst6qjs3evq8yuglh", 
    "model": "sessions.session", 
    "fields": {
        "expire_date": "2014-01-12T08:58:22.843Z", 
        "session_data": "MTdjNTQ1MTBlNGNjNDU1NmQxMGU2YWQ4MDhlYmMxOTAzYWQ0OTg5ZDp7fQ=="
    }
},
{
    "pk": "jsusuozxs7egfj64let2pund8cbfp1ha", 
    "model": "sessions.session", 
    "fields": {
        "expire_date": "2014-01-08T08:26:15.250Z", 
        "session_data": "MzJiYmJhZTJjMTYyMTEzMGZjZjJkYjk3YmIwZTY2NGU0NmYzNmViODp7Il9hdXRoX3VzZXJfYmFja2VuZCI6ImRqYW5nby5jb250cmliLmF1dGguYmFja2VuZHMuTW9kZWxCYWNrZW5kIiwiX2F1dGhfdXNlcl9pZCI6MX0="
    }
},
{
    "pk": "k5dsjhzu2abbmxcjfe6s0wjpqyckov8q", 
    "model": "sessions.session", 
    "fields": {
        "expire_date": "2014-01-12T07:33:28.765Z", 
        "session_data": "MzJiYmJhZTJjMTYyMTEzMGZjZjJkYjk3YmIwZTY2NGU0NmYzNmViODp7Il9hdXRoX3VzZXJfYmFja2VuZCI6ImRqYW5nby5jb250cmliLmF1dGguYmFja2VuZHMuTW9kZWxCYWNrZW5kIiwiX2F1dGhfdXNlcl9pZCI6MX0="
    }
},
{
    "pk": "kc7srm55rj7k3922vveqcw5pgfku1jha", 
    "model": "sessions.session", 
    "fields": {
        "expire_date": "2014-01-08T08:20:40.703Z", 
        "session_data": "MzJiYmJhZTJjMTYyMTEzMGZjZjJkYjk3YmIwZTY2NGU0NmYzNmViODp7Il9hdXRoX3VzZXJfYmFja2VuZCI6ImRqYW5nby5jb250cmliLmF1dGguYmFja2VuZHMuTW9kZWxCYWNrZW5kIiwiX2F1dGhfdXNlcl9pZCI6MX0="
    }
},
{
    "pk": "kds95yt7svggxlhq91a7hr77equa4xpi", 
    "model": "sessions.session", 
    "fields": {
        "expire_date": "2014-01-12T07:33:55.546Z", 
        "session_data": "MzJiYmJhZTJjMTYyMTEzMGZjZjJkYjk3YmIwZTY2NGU0NmYzNmViODp7Il9hdXRoX3VzZXJfYmFja2VuZCI6ImRqYW5nby5jb250cmliLmF1dGguYmFja2VuZHMuTW9kZWxCYWNrZW5kIiwiX2F1dGhfdXNlcl9pZCI6MX0="
    }
},
{
    "pk": "khx55j2co0bycq9h2js8xmghd34au7bk", 
    "model": "sessions.session", 
    "fields": {
        "expire_date": "2014-01-12T11:28:42.031Z", 
        "session_data": "NTQyMWE4MGMzNzAwMDUyMjBhMWMzMjU0ZjgzZTBhZWVmYjg4MTQ5Nzp7Il9hdXRoX3VzZXJfYmFja2VuZCI6ImRqYW5nby5jb250cmliLmF1dGguYmFja2VuZHMuTW9kZWxCYWNrZW5kIiwiX2F1dGhfdXNlcl9pZCI6NX0="
    }
},
{
    "pk": "kj58fymcorc7xgzuviq7z6yiz6zf8fv1", 
    "model": "sessions.session", 
    "fields": {
        "expire_date": "2014-01-12T09:07:47.984Z", 
        "session_data": "NTQyMWE4MGMzNzAwMDUyMjBhMWMzMjU0ZjgzZTBhZWVmYjg4MTQ5Nzp7Il9hdXRoX3VzZXJfYmFja2VuZCI6ImRqYW5nby5jb250cmliLmF1dGguYmFja2VuZHMuTW9kZWxCYWNrZW5kIiwiX2F1dGhfdXNlcl9pZCI6NX0="
    }
},
{
    "pk": "ko5qtpmj3hgpt3hw8sfsq7ecu82wqjyq", 
    "model": "sessions.session", 
    "fields": {
        "expire_date": "2014-01-07T12:23:51.984Z", 
        "session_data": "MzJiYmJhZTJjMTYyMTEzMGZjZjJkYjk3YmIwZTY2NGU0NmYzNmViODp7Il9hdXRoX3VzZXJfYmFja2VuZCI6ImRqYW5nby5jb250cmliLmF1dGguYmFja2VuZHMuTW9kZWxCYWNrZW5kIiwiX2F1dGhfdXNlcl9pZCI6MX0="
    }
},
{
    "pk": "ko8awuwtnwxo1kxocn5ucgtqljafzs6o", 
    "model": "sessions.session", 
    "fields": {
        "expire_date": "2014-01-07T12:51:41.734Z", 
        "session_data": "MzJiYmJhZTJjMTYyMTEzMGZjZjJkYjk3YmIwZTY2NGU0NmYzNmViODp7Il9hdXRoX3VzZXJfYmFja2VuZCI6ImRqYW5nby5jb250cmliLmF1dGguYmFja2VuZHMuTW9kZWxCYWNrZW5kIiwiX2F1dGhfdXNlcl9pZCI6MX0="
    }
},
{
    "pk": "kr6rmzo44mu6dq55uvguf6jpg28ze0bd", 
    "model": "sessions.session", 
    "fields": {
        "expire_date": "2014-01-11T18:47:20.687Z", 
        "session_data": "NTQyMWE4MGMzNzAwMDUyMjBhMWMzMjU0ZjgzZTBhZWVmYjg4MTQ5Nzp7Il9hdXRoX3VzZXJfYmFja2VuZCI6ImRqYW5nby5jb250cmliLmF1dGguYmFja2VuZHMuTW9kZWxCYWNrZW5kIiwiX2F1dGhfdXNlcl9pZCI6NX0="
    }
},
{
    "pk": "kwvmtuz44g3de793w6uyes55i263a3au", 
    "model": "sessions.session", 
    "fields": {
        "expire_date": "2014-01-12T09:11:52.625Z", 
        "session_data": "MzJiYmJhZTJjMTYyMTEzMGZjZjJkYjk3YmIwZTY2NGU0NmYzNmViODp7Il9hdXRoX3VzZXJfYmFja2VuZCI6ImRqYW5nby5jb250cmliLmF1dGguYmFja2VuZHMuTW9kZWxCYWNrZW5kIiwiX2F1dGhfdXNlcl9pZCI6MX0="
    }
},
{
    "pk": "kx6vax8phjlfofz0ad5ehy8bk4rff0hb", 
    "model": "sessions.session", 
    "fields": {
        "expire_date": "2014-01-07T12:50:02.218Z", 
        "session_data": "MzJiYmJhZTJjMTYyMTEzMGZjZjJkYjk3YmIwZTY2NGU0NmYzNmViODp7Il9hdXRoX3VzZXJfYmFja2VuZCI6ImRqYW5nby5jb250cmliLmF1dGguYmFja2VuZHMuTW9kZWxCYWNrZW5kIiwiX2F1dGhfdXNlcl9pZCI6MX0="
    }
},
{
    "pk": "kzoqgagfzfbkb2ljwcvkifb3a4ky4xjh", 
    "model": "sessions.session", 
    "fields": {
        "expire_date": "2014-01-12T08:07:11.515Z", 
        "session_data": "MTdjNTQ1MTBlNGNjNDU1NmQxMGU2YWQ4MDhlYmMxOTAzYWQ0OTg5ZDp7fQ=="
    }
},
{
    "pk": "l7d6tv6hvf1sa394rba9wkvpsko5aolg", 
    "model": "sessions.session", 
    "fields": {
        "expire_date": "2014-01-12T09:30:28.718Z", 
        "session_data": "MzJiYmJhZTJjMTYyMTEzMGZjZjJkYjk3YmIwZTY2NGU0NmYzNmViODp7Il9hdXRoX3VzZXJfYmFja2VuZCI6ImRqYW5nby5jb250cmliLmF1dGguYmFja2VuZHMuTW9kZWxCYWNrZW5kIiwiX2F1dGhfdXNlcl9pZCI6MX0="
    }
},
{
    "pk": "l7jjwsfp96utck9tkrbg4ckodqbqpty6", 
    "model": "sessions.session", 
    "fields": {
        "expire_date": "2014-01-11T16:54:23.234Z", 
        "session_data": "NTQyMWE4MGMzNzAwMDUyMjBhMWMzMjU0ZjgzZTBhZWVmYjg4MTQ5Nzp7Il9hdXRoX3VzZXJfYmFja2VuZCI6ImRqYW5nby5jb250cmliLmF1dGguYmFja2VuZHMuTW9kZWxCYWNrZW5kIiwiX2F1dGhfdXNlcl9pZCI6NX0="
    }
},
{
    "pk": "lcfe6mww7xirp2rofrgyll6oj1actc70", 
    "model": "sessions.session", 
    "fields": {
        "expire_date": "2014-01-07T10:58:06.203Z", 
        "session_data": "MzJiYmJhZTJjMTYyMTEzMGZjZjJkYjk3YmIwZTY2NGU0NmYzNmViODp7Il9hdXRoX3VzZXJfYmFja2VuZCI6ImRqYW5nby5jb250cmliLmF1dGguYmFja2VuZHMuTW9kZWxCYWNrZW5kIiwiX2F1dGhfdXNlcl9pZCI6MX0="
    }
},
{
    "pk": "ld0u9cqq38ajsplro0su3gynnlgd6mgu", 
    "model": "sessions.session", 
    "fields": {
        "expire_date": "2014-01-07T12:54:10.328Z", 
        "session_data": "MzJiYmJhZTJjMTYyMTEzMGZjZjJkYjk3YmIwZTY2NGU0NmYzNmViODp7Il9hdXRoX3VzZXJfYmFja2VuZCI6ImRqYW5nby5jb250cmliLmF1dGguYmFja2VuZHMuTW9kZWxCYWNrZW5kIiwiX2F1dGhfdXNlcl9pZCI6MX0="
    }
},
{
    "pk": "lrwn6178tkosd3ymfnk0row5fsh1yi1p", 
    "model": "sessions.session", 
    "fields": {
        "expire_date": "2014-01-11T08:17:56.187Z", 
        "session_data": "MzJiYmJhZTJjMTYyMTEzMGZjZjJkYjk3YmIwZTY2NGU0NmYzNmViODp7Il9hdXRoX3VzZXJfYmFja2VuZCI6ImRqYW5nby5jb250cmliLmF1dGguYmFja2VuZHMuTW9kZWxCYWNrZW5kIiwiX2F1dGhfdXNlcl9pZCI6MX0="
    }
},
{
    "pk": "lyx6t3ezzt1mt0rbew8ph1wtq2grtk6u", 
    "model": "sessions.session", 
    "fields": {
        "expire_date": "2014-01-12T09:10:57.906Z", 
        "session_data": "NTQyMWE4MGMzNzAwMDUyMjBhMWMzMjU0ZjgzZTBhZWVmYjg4MTQ5Nzp7Il9hdXRoX3VzZXJfYmFja2VuZCI6ImRqYW5nby5jb250cmliLmF1dGguYmFja2VuZHMuTW9kZWxCYWNrZW5kIiwiX2F1dGhfdXNlcl9pZCI6NX0="
    }
},
{
    "pk": "m2cke0jm4b2y78qum4svtpesa400d32c", 
    "model": "sessions.session", 
    "fields": {
        "expire_date": "2014-01-07T10:13:12.562Z", 
        "session_data": "MzJiYmJhZTJjMTYyMTEzMGZjZjJkYjk3YmIwZTY2NGU0NmYzNmViODp7Il9hdXRoX3VzZXJfYmFja2VuZCI6ImRqYW5nby5jb250cmliLmF1dGguYmFja2VuZHMuTW9kZWxCYWNrZW5kIiwiX2F1dGhfdXNlcl9pZCI6MX0="
    }
},
{
    "pk": "m3q058o2zqdqqecyvqj1monrfb8oqtgg", 
    "model": "sessions.session", 
    "fields": {
        "expire_date": "2014-01-12T09:09:02.390Z", 
        "session_data": "MTdjNTQ1MTBlNGNjNDU1NmQxMGU2YWQ4MDhlYmMxOTAzYWQ0OTg5ZDp7fQ=="
    }
},
{
    "pk": "m7jst35l1pvxiedmqn5fks6l115l61se", 
    "model": "sessions.session", 
    "fields": {
        "expire_date": "2014-01-12T09:08:39.984Z", 
        "session_data": "NTQyMWE4MGMzNzAwMDUyMjBhMWMzMjU0ZjgzZTBhZWVmYjg4MTQ5Nzp7Il9hdXRoX3VzZXJfYmFja2VuZCI6ImRqYW5nby5jb250cmliLmF1dGguYmFja2VuZHMuTW9kZWxCYWNrZW5kIiwiX2F1dGhfdXNlcl9pZCI6NX0="
    }
},
{
    "pk": "metj1t3rxvi7mgksde4803zcnx43guoo", 
    "model": "sessions.session", 
    "fields": {
        "expire_date": "2014-01-09T10:36:01.161Z", 
        "session_data": "MTdjNTQ1MTBlNGNjNDU1NmQxMGU2YWQ4MDhlYmMxOTAzYWQ0OTg5ZDp7fQ=="
    }
},
{
    "pk": "mivd6hy6gh8gbb43g70ykdz3nyf6a3jd", 
    "model": "sessions.session", 
    "fields": {
        "expire_date": "2014-01-12T08:33:24.421Z", 
        "session_data": "NTQyMWE4MGMzNzAwMDUyMjBhMWMzMjU0ZjgzZTBhZWVmYjg4MTQ5Nzp7Il9hdXRoX3VzZXJfYmFja2VuZCI6ImRqYW5nby5jb250cmliLmF1dGguYmFja2VuZHMuTW9kZWxCYWNrZW5kIiwiX2F1dGhfdXNlcl9pZCI6NX0="
    }
},
{
    "pk": "mq0wvzqav0vr4go2b09w7fhny4mzrm5t", 
    "model": "sessions.session", 
    "fields": {
        "expire_date": "2014-01-11T15:01:22.171Z", 
        "session_data": "NTQyMWE4MGMzNzAwMDUyMjBhMWMzMjU0ZjgzZTBhZWVmYjg4MTQ5Nzp7Il9hdXRoX3VzZXJfYmFja2VuZCI6ImRqYW5nby5jb250cmliLmF1dGguYmFja2VuZHMuTW9kZWxCYWNrZW5kIiwiX2F1dGhfdXNlcl9pZCI6NX0="
    }
},
{
    "pk": "msrqbsvz3oub4gcs5nhafx3v4mrx2rpk", 
    "model": "sessions.session", 
    "fields": {
        "expire_date": "2014-01-12T07:31:20.343Z", 
        "session_data": "MzJiYmJhZTJjMTYyMTEzMGZjZjJkYjk3YmIwZTY2NGU0NmYzNmViODp7Il9hdXRoX3VzZXJfYmFja2VuZCI6ImRqYW5nby5jb250cmliLmF1dGguYmFja2VuZHMuTW9kZWxCYWNrZW5kIiwiX2F1dGhfdXNlcl9pZCI6MX0="
    }
},
{
    "pk": "mvjy0x00859918vobqnjeda1vucqri1j", 
    "model": "sessions.session", 
    "fields": {
        "expire_date": "2014-01-09T10:04:57.708Z", 
        "session_data": "MTdjNTQ1MTBlNGNjNDU1NmQxMGU2YWQ4MDhlYmMxOTAzYWQ0OTg5ZDp7fQ=="
    }
},
{
    "pk": "n0ek47i06ryxdnzv79mnysge2s3u9sy8", 
    "model": "sessions.session", 
    "fields": {
        "expire_date": "2014-01-07T13:01:12.312Z", 
        "session_data": "MzJiYmJhZTJjMTYyMTEzMGZjZjJkYjk3YmIwZTY2NGU0NmYzNmViODp7Il9hdXRoX3VzZXJfYmFja2VuZCI6ImRqYW5nby5jb250cmliLmF1dGguYmFja2VuZHMuTW9kZWxCYWNrZW5kIiwiX2F1dGhfdXNlcl9pZCI6MX0="
    }
},
{
    "pk": "n7zs4ga6ek5j2vu5u5ak29fil75gunf9", 
    "model": "sessions.session", 
    "fields": {
        "expire_date": "2014-01-11T08:16:55.406Z", 
        "session_data": "MzJiYmJhZTJjMTYyMTEzMGZjZjJkYjk3YmIwZTY2NGU0NmYzNmViODp7Il9hdXRoX3VzZXJfYmFja2VuZCI6ImRqYW5nby5jb250cmliLmF1dGguYmFja2VuZHMuTW9kZWxCYWNrZW5kIiwiX2F1dGhfdXNlcl9pZCI6MX0="
    }
},
{
    "pk": "naz8worekrpqvnlcyunvvmd1bc19t5u9", 
    "model": "sessions.session", 
    "fields": {
        "expire_date": "2014-01-07T13:01:05.609Z", 
        "session_data": "MzJiYmJhZTJjMTYyMTEzMGZjZjJkYjk3YmIwZTY2NGU0NmYzNmViODp7Il9hdXRoX3VzZXJfYmFja2VuZCI6ImRqYW5nby5jb250cmliLmF1dGguYmFja2VuZHMuTW9kZWxCYWNrZW5kIiwiX2F1dGhfdXNlcl9pZCI6MX0="
    }
},
{
    "pk": "nd6cm9b5gb3fa2bioldtlnc076601kwe", 
    "model": "sessions.session", 
    "fields": {
        "expire_date": "2014-01-12T09:11:27.046Z", 
        "session_data": "MzJiYmJhZTJjMTYyMTEzMGZjZjJkYjk3YmIwZTY2NGU0NmYzNmViODp7Il9hdXRoX3VzZXJfYmFja2VuZCI6ImRqYW5nby5jb250cmliLmF1dGguYmFja2VuZHMuTW9kZWxCYWNrZW5kIiwiX2F1dGhfdXNlcl9pZCI6MX0="
    }
},
{
    "pk": "ngwxi6wz1gusv01q7tu3w79di5avydiv", 
    "model": "sessions.session", 
    "fields": {
        "expire_date": "2014-01-07T10:05:02.953Z", 
        "session_data": "MzJiYmJhZTJjMTYyMTEzMGZjZjJkYjk3YmIwZTY2NGU0NmYzNmViODp7Il9hdXRoX3VzZXJfYmFja2VuZCI6ImRqYW5nby5jb250cmliLmF1dGguYmFja2VuZHMuTW9kZWxCYWNrZW5kIiwiX2F1dGhfdXNlcl9pZCI6MX0="
    }
},
{
    "pk": "nkdstc2j12d4qjxy9pwh9lv7fiktawkz", 
    "model": "sessions.session", 
    "fields": {
        "expire_date": "2014-01-07T11:41:28.593Z", 
        "session_data": "MzJiYmJhZTJjMTYyMTEzMGZjZjJkYjk3YmIwZTY2NGU0NmYzNmViODp7Il9hdXRoX3VzZXJfYmFja2VuZCI6ImRqYW5nby5jb250cmliLmF1dGguYmFja2VuZHMuTW9kZWxCYWNrZW5kIiwiX2F1dGhfdXNlcl9pZCI6MX0="
    }
},
{
    "pk": "nks8xnukrgtxty2qb5pwyxss5wuqrqp7", 
    "model": "sessions.session", 
    "fields": {
        "expire_date": "2014-01-07T13:02:28.187Z", 
        "session_data": "MzJiYmJhZTJjMTYyMTEzMGZjZjJkYjk3YmIwZTY2NGU0NmYzNmViODp7Il9hdXRoX3VzZXJfYmFja2VuZCI6ImRqYW5nby5jb250cmliLmF1dGguYmFja2VuZHMuTW9kZWxCYWNrZW5kIiwiX2F1dGhfdXNlcl9pZCI6MX0="
    }
},
{
    "pk": "nljzbyp5ebicw6tjvgsnw8mnsom9uzrw", 
    "model": "sessions.session", 
    "fields": {
        "expire_date": "2014-01-08T08:15:15.812Z", 
        "session_data": "MzJiYmJhZTJjMTYyMTEzMGZjZjJkYjk3YmIwZTY2NGU0NmYzNmViODp7Il9hdXRoX3VzZXJfYmFja2VuZCI6ImRqYW5nby5jb250cmliLmF1dGguYmFja2VuZHMuTW9kZWxCYWNrZW5kIiwiX2F1dGhfdXNlcl9pZCI6MX0="
    }
},
{
    "pk": "nmx7uir79f0x7jogg60de6hpkz9cjv5d", 
    "model": "sessions.session", 
    "fields": {
        "expire_date": "2014-01-07T12:21:02.609Z", 
        "session_data": "MzJiYmJhZTJjMTYyMTEzMGZjZjJkYjk3YmIwZTY2NGU0NmYzNmViODp7Il9hdXRoX3VzZXJfYmFja2VuZCI6ImRqYW5nby5jb250cmliLmF1dGguYmFja2VuZHMuTW9kZWxCYWNrZW5kIiwiX2F1dGhfdXNlcl9pZCI6MX0="
    }
},
{
    "pk": "ns6fq816r4rv9v638w621ivvtw4gfxkh", 
    "model": "sessions.session", 
    "fields": {
        "expire_date": "2014-01-11T15:24:34.921Z", 
        "session_data": "NTQyMWE4MGMzNzAwMDUyMjBhMWMzMjU0ZjgzZTBhZWVmYjg4MTQ5Nzp7Il9hdXRoX3VzZXJfYmFja2VuZCI6ImRqYW5nby5jb250cmliLmF1dGguYmFja2VuZHMuTW9kZWxCYWNrZW5kIiwiX2F1dGhfdXNlcl9pZCI6NX0="
    }
},
{
    "pk": "nzdc7iany9ps3pr2cbj8ycfwixiveki0", 
    "model": "sessions.session", 
    "fields": {
        "expire_date": "2014-01-08T08:20:54.015Z", 
        "session_data": "MzJiYmJhZTJjMTYyMTEzMGZjZjJkYjk3YmIwZTY2NGU0NmYzNmViODp7Il9hdXRoX3VzZXJfYmFja2VuZCI6ImRqYW5nby5jb250cmliLmF1dGguYmFja2VuZHMuTW9kZWxCYWNrZW5kIiwiX2F1dGhfdXNlcl9pZCI6MX0="
    }
},
{
    "pk": "o1uolg4mpwi56bo9wvmfaea4nfvyf9nc", 
    "model": "sessions.session", 
    "fields": {
        "expire_date": "2014-01-12T07:36:49.765Z", 
        "session_data": "MTdjNTQ1MTBlNGNjNDU1NmQxMGU2YWQ4MDhlYmMxOTAzYWQ0OTg5ZDp7fQ=="
    }
},
{
    "pk": "o6infk7psl7u7upbvac4utxlr19clk2z", 
    "model": "sessions.session", 
    "fields": {
        "expire_date": "2014-01-07T10:05:36.500Z", 
        "session_data": "MTdjNTQ1MTBlNGNjNDU1NmQxMGU2YWQ4MDhlYmMxOTAzYWQ0OTg5ZDp7fQ=="
    }
},
{
    "pk": "o763l6wcht8nm3e82293ede0722dhwgq", 
    "model": "sessions.session", 
    "fields": {
        "expire_date": "2014-01-12T07:30:13.687Z", 
        "session_data": "NTQyMWE4MGMzNzAwMDUyMjBhMWMzMjU0ZjgzZTBhZWVmYjg4MTQ5Nzp7Il9hdXRoX3VzZXJfYmFja2VuZCI6ImRqYW5nby5jb250cmliLmF1dGguYmFja2VuZHMuTW9kZWxCYWNrZW5kIiwiX2F1dGhfdXNlcl9pZCI6NX0="
    }
},
{
    "pk": "o8smssqpf270a3fg4c0e4bzr4hqkfesk", 
    "model": "sessions.session", 
    "fields": {
        "expire_date": "2014-01-12T07:38:08.421Z", 
        "session_data": "MTdjNTQ1MTBlNGNjNDU1NmQxMGU2YWQ4MDhlYmMxOTAzYWQ0OTg5ZDp7fQ=="
    }
},
{
    "pk": "o962xeqkmcv8fdpi3e54dre32zy5bzmn", 
    "model": "sessions.session", 
    "fields": {
        "expire_date": "2014-01-09T10:08:51.583Z", 
        "session_data": "MzJiYmJhZTJjMTYyMTEzMGZjZjJkYjk3YmIwZTY2NGU0NmYzNmViODp7Il9hdXRoX3VzZXJfYmFja2VuZCI6ImRqYW5nby5jb250cmliLmF1dGguYmFja2VuZHMuTW9kZWxCYWNrZW5kIiwiX2F1dGhfdXNlcl9pZCI6MX0="
    }
},
{
    "pk": "od2baglc3dqxs8lj0a79icpt1f3vfcmy", 
    "model": "sessions.session", 
    "fields": {
        "expire_date": "2014-01-11T14:56:06.046Z", 
        "session_data": "NTQyMWE4MGMzNzAwMDUyMjBhMWMzMjU0ZjgzZTBhZWVmYjg4MTQ5Nzp7Il9hdXRoX3VzZXJfYmFja2VuZCI6ImRqYW5nby5jb250cmliLmF1dGguYmFja2VuZHMuTW9kZWxCYWNrZW5kIiwiX2F1dGhfdXNlcl9pZCI6NX0="
    }
},
{
    "pk": "oiowf2kvyoaotukqqjvszwb67xxb3u2t", 
    "model": "sessions.session", 
    "fields": {
        "expire_date": "2014-01-09T11:25:02.068Z", 
        "session_data": "MzJiYmJhZTJjMTYyMTEzMGZjZjJkYjk3YmIwZTY2NGU0NmYzNmViODp7Il9hdXRoX3VzZXJfYmFja2VuZCI6ImRqYW5nby5jb250cmliLmF1dGguYmFja2VuZHMuTW9kZWxCYWNrZW5kIiwiX2F1dGhfdXNlcl9pZCI6MX0="
    }
},
{
    "pk": "or12t26x8rurax37r0b8c206dqxqm6c4", 
    "model": "sessions.session", 
    "fields": {
        "expire_date": "2014-01-08T08:03:34.156Z", 
        "session_data": "MzJiYmJhZTJjMTYyMTEzMGZjZjJkYjk3YmIwZTY2NGU0NmYzNmViODp7Il9hdXRoX3VzZXJfYmFja2VuZCI6ImRqYW5nby5jb250cmliLmF1dGguYmFja2VuZHMuTW9kZWxCYWNrZW5kIiwiX2F1dGhfdXNlcl9pZCI6MX0="
    }
},
{
    "pk": "osrfdkqcms5jxfx0s5xl9q83llfas1go", 
    "model": "sessions.session", 
    "fields": {
        "expire_date": "2014-01-12T07:36:33.765Z", 
        "session_data": "NTQyMWE4MGMzNzAwMDUyMjBhMWMzMjU0ZjgzZTBhZWVmYjg4MTQ5Nzp7Il9hdXRoX3VzZXJfYmFja2VuZCI6ImRqYW5nby5jb250cmliLmF1dGguYmFja2VuZHMuTW9kZWxCYWNrZW5kIiwiX2F1dGhfdXNlcl9pZCI6NX0="
    }
},
{
    "pk": "ot13c76glpf1f3ysgm9neu24jx5h6nnf", 
    "model": "sessions.session", 
    "fields": {
        "expire_date": "2014-01-11T15:48:35.359Z", 
        "session_data": "NTQyMWE4MGMzNzAwMDUyMjBhMWMzMjU0ZjgzZTBhZWVmYjg4MTQ5Nzp7Il9hdXRoX3VzZXJfYmFja2VuZCI6ImRqYW5nby5jb250cmliLmF1dGguYmFja2VuZHMuTW9kZWxCYWNrZW5kIiwiX2F1dGhfdXNlcl9pZCI6NX0="
    }
},
{
    "pk": "otvf55q9nephqefg84lxliwa7mfo2ths", 
    "model": "sessions.session", 
    "fields": {
        "expire_date": "2014-01-07T11:41:51.015Z", 
        "session_data": "MzJiYmJhZTJjMTYyMTEzMGZjZjJkYjk3YmIwZTY2NGU0NmYzNmViODp7Il9hdXRoX3VzZXJfYmFja2VuZCI6ImRqYW5nby5jb250cmliLmF1dGguYmFja2VuZHMuTW9kZWxCYWNrZW5kIiwiX2F1dGhfdXNlcl9pZCI6MX0="
    }
},
{
    "pk": "p0f157l0z01da9jrea53e2ox1zzn4e9a", 
    "model": "sessions.session", 
    "fields": {
        "expire_date": "2014-01-08T08:22:02.812Z", 
        "session_data": "MzJiYmJhZTJjMTYyMTEzMGZjZjJkYjk3YmIwZTY2NGU0NmYzNmViODp7Il9hdXRoX3VzZXJfYmFja2VuZCI6ImRqYW5nby5jb250cmliLmF1dGguYmFja2VuZHMuTW9kZWxCYWNrZW5kIiwiX2F1dGhfdXNlcl9pZCI6MX0="
    }
},
{
    "pk": "p2tckhw89to2goadd4rzjiqch8lm8tju", 
    "model": "sessions.session", 
    "fields": {
        "expire_date": "2014-01-10T08:16:49.625Z", 
        "session_data": "MzJiYmJhZTJjMTYyMTEzMGZjZjJkYjk3YmIwZTY2NGU0NmYzNmViODp7Il9hdXRoX3VzZXJfYmFja2VuZCI6ImRqYW5nby5jb250cmliLmF1dGguYmFja2VuZHMuTW9kZWxCYWNrZW5kIiwiX2F1dGhfdXNlcl9pZCI6MX0="
    }
},
{
    "pk": "p2y0y68ecu3flmj5r6v3oxxoobayz7k4", 
    "model": "sessions.session", 
    "fields": {
        "expire_date": "2014-01-09T10:35:54.146Z", 
        "session_data": "MzJiYmJhZTJjMTYyMTEzMGZjZjJkYjk3YmIwZTY2NGU0NmYzNmViODp7Il9hdXRoX3VzZXJfYmFja2VuZCI6ImRqYW5nby5jb250cmliLmF1dGguYmFja2VuZHMuTW9kZWxCYWNrZW5kIiwiX2F1dGhfdXNlcl9pZCI6MX0="
    }
},
{
    "pk": "p7pflcjs8m6v2vmv3nyy108gdb78oej5", 
    "model": "sessions.session", 
    "fields": {
        "expire_date": "2014-01-11T18:51:41.250Z", 
        "session_data": "NTQyMWE4MGMzNzAwMDUyMjBhMWMzMjU0ZjgzZTBhZWVmYjg4MTQ5Nzp7Il9hdXRoX3VzZXJfYmFja2VuZCI6ImRqYW5nby5jb250cmliLmF1dGguYmFja2VuZHMuTW9kZWxCYWNrZW5kIiwiX2F1dGhfdXNlcl9pZCI6NX0="
    }
},
{
    "pk": "p9lfxf9gxwee77bthvyj4euwbt29hif4", 
    "model": "sessions.session", 
    "fields": {
        "expire_date": "2014-01-12T07:33:49.203Z", 
        "session_data": "MzJiYmJhZTJjMTYyMTEzMGZjZjJkYjk3YmIwZTY2NGU0NmYzNmViODp7Il9hdXRoX3VzZXJfYmFja2VuZCI6ImRqYW5nby5jb250cmliLmF1dGguYmFja2VuZHMuTW9kZWxCYWNrZW5kIiwiX2F1dGhfdXNlcl9pZCI6MX0="
    }
},
{
    "pk": "pck6wq4z7utx1hufzwitog1e2wqi7ube", 
    "model": "sessions.session", 
    "fields": {
        "expire_date": "2014-01-08T08:17:36.609Z", 
        "session_data": "MzJiYmJhZTJjMTYyMTEzMGZjZjJkYjk3YmIwZTY2NGU0NmYzNmViODp7Il9hdXRoX3VzZXJfYmFja2VuZCI6ImRqYW5nby5jb250cmliLmF1dGguYmFja2VuZHMuTW9kZWxCYWNrZW5kIiwiX2F1dGhfdXNlcl9pZCI6MX0="
    }
},
{
    "pk": "ph2fv6e8bfe5twt1yemg08nrdr52kuyh", 
    "model": "sessions.session", 
    "fields": {
        "expire_date": "2014-01-08T08:03:21.343Z", 
        "session_data": "MzJiYmJhZTJjMTYyMTEzMGZjZjJkYjk3YmIwZTY2NGU0NmYzNmViODp7Il9hdXRoX3VzZXJfYmFja2VuZCI6ImRqYW5nby5jb250cmliLmF1dGguYmFja2VuZHMuTW9kZWxCYWNrZW5kIiwiX2F1dGhfdXNlcl9pZCI6MX0="
    }
},
{
    "pk": "pj62j3a5gcs4ru6k64wfhmi1b3nhybjl", 
    "model": "sessions.session", 
    "fields": {
        "expire_date": "2014-01-07T12:24:14.562Z", 
        "session_data": "MzJiYmJhZTJjMTYyMTEzMGZjZjJkYjk3YmIwZTY2NGU0NmYzNmViODp7Il9hdXRoX3VzZXJfYmFja2VuZCI6ImRqYW5nby5jb250cmliLmF1dGguYmFja2VuZHMuTW9kZWxCYWNrZW5kIiwiX2F1dGhfdXNlcl9pZCI6MX0="
    }
},
{
    "pk": "pl0skp4dsqkkpf6nc7fw9dtie634kxf8", 
    "model": "sessions.session", 
    "fields": {
        "expire_date": "2014-01-09T10:05:24.521Z", 
        "session_data": "MzJiYmJhZTJjMTYyMTEzMGZjZjJkYjk3YmIwZTY2NGU0NmYzNmViODp7Il9hdXRoX3VzZXJfYmFja2VuZCI6ImRqYW5nby5jb250cmliLmF1dGguYmFja2VuZHMuTW9kZWxCYWNrZW5kIiwiX2F1dGhfdXNlcl9pZCI6MX0="
    }
},
{
    "pk": "pnah7ueba0uu0gr5a5cs3pb75t87ov7p", 
    "model": "sessions.session", 
    "fields": {
        "expire_date": "2014-01-12T07:28:31.046Z", 
        "session_data": "NTQyMWE4MGMzNzAwMDUyMjBhMWMzMjU0ZjgzZTBhZWVmYjg4MTQ5Nzp7Il9hdXRoX3VzZXJfYmFja2VuZCI6ImRqYW5nby5jb250cmliLmF1dGguYmFja2VuZHMuTW9kZWxCYWNrZW5kIiwiX2F1dGhfdXNlcl9pZCI6NX0="
    }
},
{
    "pk": "pqdwez271rjsh2ynauila8jox5ys5ml0", 
    "model": "sessions.session", 
    "fields": {
        "expire_date": "2014-01-12T09:11:35.218Z", 
        "session_data": "MzJiYmJhZTJjMTYyMTEzMGZjZjJkYjk3YmIwZTY2NGU0NmYzNmViODp7Il9hdXRoX3VzZXJfYmFja2VuZCI6ImRqYW5nby5jb250cmliLmF1dGguYmFja2VuZHMuTW9kZWxCYWNrZW5kIiwiX2F1dGhfdXNlcl9pZCI6MX0="
    }
},
{
    "pk": "pr0vzz22cvbm02qcmgc5b1ci2pxuyuh0", 
    "model": "sessions.session", 
    "fields": {
        "expire_date": "2014-01-12T07:46:53.546Z", 
        "session_data": "NTQyMWE4MGMzNzAwMDUyMjBhMWMzMjU0ZjgzZTBhZWVmYjg4MTQ5Nzp7Il9hdXRoX3VzZXJfYmFja2VuZCI6ImRqYW5nby5jb250cmliLmF1dGguYmFja2VuZHMuTW9kZWxCYWNrZW5kIiwiX2F1dGhfdXNlcl9pZCI6NX0="
    }
},
{
    "pk": "pupnu1glf3y48e9r8jwd1d34g2k3risw", 
    "model": "sessions.session", 
    "fields": {
        "expire_date": "2014-01-07T12:49:55.343Z", 
        "session_data": "MzJiYmJhZTJjMTYyMTEzMGZjZjJkYjk3YmIwZTY2NGU0NmYzNmViODp7Il9hdXRoX3VzZXJfYmFja2VuZCI6ImRqYW5nby5jb250cmliLmF1dGguYmFja2VuZHMuTW9kZWxCYWNrZW5kIiwiX2F1dGhfdXNlcl9pZCI6MX0="
    }
},
{
    "pk": "q354mdyv1zu6ev2bximca8acvhrkk6qo", 
    "model": "sessions.session", 
    "fields": {
        "expire_date": "2014-01-08T08:20:47.281Z", 
        "session_data": "MzJiYmJhZTJjMTYyMTEzMGZjZjJkYjk3YmIwZTY2NGU0NmYzNmViODp7Il9hdXRoX3VzZXJfYmFja2VuZCI6ImRqYW5nby5jb250cmliLmF1dGguYmFja2VuZHMuTW9kZWxCYWNrZW5kIiwiX2F1dGhfdXNlcl9pZCI6MX0="
    }
},
{
    "pk": "qg42rpzyk5vm5fvyzfl3df5sf3los19c", 
    "model": "sessions.session", 
    "fields": {
        "expire_date": "2014-01-07T13:02:41.718Z", 
        "session_data": "MzJiYmJhZTJjMTYyMTEzMGZjZjJkYjk3YmIwZTY2NGU0NmYzNmViODp7Il9hdXRoX3VzZXJfYmFja2VuZCI6ImRqYW5nby5jb250cmliLmF1dGguYmFja2VuZHMuTW9kZWxCYWNrZW5kIiwiX2F1dGhfdXNlcl9pZCI6MX0="
    }
},
{
    "pk": "qh239lm4xl51z0fxyrqcl2cn3bfg9orw", 
    "model": "sessions.session", 
    "fields": {
        "expire_date": "2014-01-07T10:52:56.625Z", 
        "session_data": "MzJiYmJhZTJjMTYyMTEzMGZjZjJkYjk3YmIwZTY2NGU0NmYzNmViODp7Il9hdXRoX3VzZXJfYmFja2VuZCI6ImRqYW5nby5jb250cmliLmF1dGguYmFja2VuZHMuTW9kZWxCYWNrZW5kIiwiX2F1dGhfdXNlcl9pZCI6MX0="
    }
},
{
    "pk": "qhppjirxnnvigyzj41t688p99rsvruja", 
    "model": "sessions.session", 
    "fields": {
        "expire_date": "2014-01-07T11:41:34.703Z", 
        "session_data": "MzJiYmJhZTJjMTYyMTEzMGZjZjJkYjk3YmIwZTY2NGU0NmYzNmViODp7Il9hdXRoX3VzZXJfYmFja2VuZCI6ImRqYW5nby5jb250cmliLmF1dGguYmFja2VuZHMuTW9kZWxCYWNrZW5kIiwiX2F1dGhfdXNlcl9pZCI6MX0="
    }
},
{
    "pk": "qj2uvqc7evlagjtmkzzinh4j38jj4i8p", 
    "model": "sessions.session", 
    "fields": {
        "expire_date": "2014-01-11T15:58:26.765Z", 
        "session_data": "NTQyMWE4MGMzNzAwMDUyMjBhMWMzMjU0ZjgzZTBhZWVmYjg4MTQ5Nzp7Il9hdXRoX3VzZXJfYmFja2VuZCI6ImRqYW5nby5jb250cmliLmF1dGguYmFja2VuZHMuTW9kZWxCYWNrZW5kIiwiX2F1dGhfdXNlcl9pZCI6NX0="
    }
},
{
    "pk": "qnr5x1vdydbr7mmauqhi755lmmaj5lre", 
    "model": "sessions.session", 
    "fields": {
        "expire_date": "2014-01-07T12:54:03.578Z", 
        "session_data": "MzJiYmJhZTJjMTYyMTEzMGZjZjJkYjk3YmIwZTY2NGU0NmYzNmViODp7Il9hdXRoX3VzZXJfYmFja2VuZCI6ImRqYW5nby5jb250cmliLmF1dGguYmFja2VuZHMuTW9kZWxCYWNrZW5kIiwiX2F1dGhfdXNlcl9pZCI6MX0="
    }
},
{
    "pk": "qqh5db9sv7qxpyrnirw0dhvor3hvrgtb", 
    "model": "sessions.session", 
    "fields": {
        "expire_date": "2014-01-08T08:21:55.593Z", 
        "session_data": "MzJiYmJhZTJjMTYyMTEzMGZjZjJkYjk3YmIwZTY2NGU0NmYzNmViODp7Il9hdXRoX3VzZXJfYmFja2VuZCI6ImRqYW5nby5jb250cmliLmF1dGguYmFja2VuZHMuTW9kZWxCYWNrZW5kIiwiX2F1dGhfdXNlcl9pZCI6MX0="
    }
},
{
    "pk": "qsujbpatm9igw71cushv5m28kdgck11o", 
    "model": "sessions.session", 
    "fields": {
        "expire_date": "2014-01-12T09:09:42.250Z", 
        "session_data": "MzJiYmJhZTJjMTYyMTEzMGZjZjJkYjk3YmIwZTY2NGU0NmYzNmViODp7Il9hdXRoX3VzZXJfYmFja2VuZCI6ImRqYW5nby5jb250cmliLmF1dGguYmFja2VuZHMuTW9kZWxCYWNrZW5kIiwiX2F1dGhfdXNlcl9pZCI6MX0="
    }
},
{
    "pk": "qtn8cejqb1jzuilapt1zcvryr0spyz4y", 
    "model": "sessions.session", 
    "fields": {
        "expire_date": "2014-01-11T15:04:23.140Z", 
        "session_data": "NTQyMWE4MGMzNzAwMDUyMjBhMWMzMjU0ZjgzZTBhZWVmYjg4MTQ5Nzp7Il9hdXRoX3VzZXJfYmFja2VuZCI6ImRqYW5nby5jb250cmliLmF1dGguYmFja2VuZHMuTW9kZWxCYWNrZW5kIiwiX2F1dGhfdXNlcl9pZCI6NX0="
    }
},
{
    "pk": "qtv4okk844h8v1oo4hpl05k1rq8yl8cx", 
    "model": "sessions.session", 
    "fields": {
        "expire_date": "2014-01-07T11:41:40.703Z", 
        "session_data": "MzJiYmJhZTJjMTYyMTEzMGZjZjJkYjk3YmIwZTY2NGU0NmYzNmViODp7Il9hdXRoX3VzZXJfYmFja2VuZCI6ImRqYW5nby5jb250cmliLmF1dGguYmFja2VuZHMuTW9kZWxCYWNrZW5kIiwiX2F1dGhfdXNlcl9pZCI6MX0="
    }
},
{
    "pk": "qv7748zbjkxtt4x2omtzres62o0g8sqb", 
    "model": "sessions.session", 
    "fields": {
        "expire_date": "2014-01-12T07:38:29.171Z", 
        "session_data": "MzJiYmJhZTJjMTYyMTEzMGZjZjJkYjk3YmIwZTY2NGU0NmYzNmViODp7Il9hdXRoX3VzZXJfYmFja2VuZCI6ImRqYW5nby5jb250cmliLmF1dGguYmFja2VuZHMuTW9kZWxCYWNrZW5kIiwiX2F1dGhfdXNlcl9pZCI6MX0="
    }
},
{
    "pk": "r3p5coxzvgo3xve4tut4794acli6g87z", 
    "model": "sessions.session", 
    "fields": {
        "expire_date": "2014-01-08T08:25:54.421Z", 
        "session_data": "MzJiYmJhZTJjMTYyMTEzMGZjZjJkYjk3YmIwZTY2NGU0NmYzNmViODp7Il9hdXRoX3VzZXJfYmFja2VuZCI6ImRqYW5nby5jb250cmliLmF1dGguYmFja2VuZHMuTW9kZWxCYWNrZW5kIiwiX2F1dGhfdXNlcl9pZCI6MX0="
    }
},
{
    "pk": "rctodkjqckj9xb10ts9otco1j292plk8", 
    "model": "sessions.session", 
    "fields": {
        "expire_date": "2014-01-07T13:01:32.375Z", 
        "session_data": "MzJiYmJhZTJjMTYyMTEzMGZjZjJkYjk3YmIwZTY2NGU0NmYzNmViODp7Il9hdXRoX3VzZXJfYmFja2VuZCI6ImRqYW5nby5jb250cmliLmF1dGguYmFja2VuZHMuTW9kZWxCYWNrZW5kIiwiX2F1dGhfdXNlcl9pZCI6MX0="
    }
},
{
    "pk": "rhgn82a5v2gxl29k5uvo9dft74j3o6ag", 
    "model": "sessions.session", 
    "fields": {
        "expire_date": "2014-01-09T10:11:05.661Z", 
        "session_data": "MzJiYmJhZTJjMTYyMTEzMGZjZjJkYjk3YmIwZTY2NGU0NmYzNmViODp7Il9hdXRoX3VzZXJfYmFja2VuZCI6ImRqYW5nby5jb250cmliLmF1dGguYmFja2VuZHMuTW9kZWxCYWNrZW5kIiwiX2F1dGhfdXNlcl9pZCI6MX0="
    }
},
{
    "pk": "rlpzqq3e5j0j7pmjxknkap2myjhfkjyo", 
    "model": "sessions.session", 
    "fields": {
        "expire_date": "2014-01-07T11:30:33.140Z", 
        "session_data": "MzJiYmJhZTJjMTYyMTEzMGZjZjJkYjk3YmIwZTY2NGU0NmYzNmViODp7Il9hdXRoX3VzZXJfYmFja2VuZCI6ImRqYW5nby5jb250cmliLmF1dGguYmFja2VuZHMuTW9kZWxCYWNrZW5kIiwiX2F1dGhfdXNlcl9pZCI6MX0="
    }
},
{
    "pk": "rmsqjorsojm09l100i54icff0qy5t2yz", 
    "model": "sessions.session", 
    "fields": {
        "expire_date": "2014-01-07T13:02:34.593Z", 
        "session_data": "MzJiYmJhZTJjMTYyMTEzMGZjZjJkYjk3YmIwZTY2NGU0NmYzNmViODp7Il9hdXRoX3VzZXJfYmFja2VuZCI6ImRqYW5nby5jb250cmliLmF1dGguYmFja2VuZHMuTW9kZWxCYWNrZW5kIiwiX2F1dGhfdXNlcl9pZCI6MX0="
    }
},
{
    "pk": "rxbsp5t3j7muu86v4jo9hfg7urvchiun", 
    "model": "sessions.session", 
    "fields": {
        "expire_date": "2014-01-12T09:30:36.453Z", 
        "session_data": "MTdjNTQ1MTBlNGNjNDU1NmQxMGU2YWQ4MDhlYmMxOTAzYWQ0OTg5ZDp7fQ=="
    }
},
{
    "pk": "ryte42km28v429t4mgsscnku0frh0u6n", 
    "model": "sessions.session", 
    "fields": {
        "expire_date": "2014-01-08T08:17:17.250Z", 
        "session_data": "MzJiYmJhZTJjMTYyMTEzMGZjZjJkYjk3YmIwZTY2NGU0NmYzNmViODp7Il9hdXRoX3VzZXJfYmFja2VuZCI6ImRqYW5nby5jb250cmliLmF1dGguYmFja2VuZHMuTW9kZWxCYWNrZW5kIiwiX2F1dGhfdXNlcl9pZCI6MX0="
    }
},
{
    "pk": "s7dg389g788jszrmmy3ydzwk7bcyfo5n", 
    "model": "sessions.session", 
    "fields": {
        "expire_date": "2014-01-11T14:56:50.218Z", 
        "session_data": "NTQyMWE4MGMzNzAwMDUyMjBhMWMzMjU0ZjgzZTBhZWVmYjg4MTQ5Nzp7Il9hdXRoX3VzZXJfYmFja2VuZCI6ImRqYW5nby5jb250cmliLmF1dGguYmFja2VuZHMuTW9kZWxCYWNrZW5kIiwiX2F1dGhfdXNlcl9pZCI6NX0="
    }
},
{
    "pk": "s9wmr49uv4egc0z36q8c1w1fldm7ijzv", 
    "model": "sessions.session", 
    "fields": {
        "expire_date": "2014-01-07T10:57:14.281Z", 
        "session_data": "MzJiYmJhZTJjMTYyMTEzMGZjZjJkYjk3YmIwZTY2NGU0NmYzNmViODp7Il9hdXRoX3VzZXJfYmFja2VuZCI6ImRqYW5nby5jb250cmliLmF1dGguYmFja2VuZHMuTW9kZWxCYWNrZW5kIiwiX2F1dGhfdXNlcl9pZCI6MX0="
    }
},
{
    "pk": "sathb60zld5g2ftsq104h46pqxyk9wzy", 
    "model": "sessions.session", 
    "fields": {
        "expire_date": "2014-01-07T11:04:10.921Z", 
        "session_data": "MzJiYmJhZTJjMTYyMTEzMGZjZjJkYjk3YmIwZTY2NGU0NmYzNmViODp7Il9hdXRoX3VzZXJfYmFja2VuZCI6ImRqYW5nby5jb250cmliLmF1dGguYmFja2VuZHMuTW9kZWxCYWNrZW5kIiwiX2F1dGhfdXNlcl9pZCI6MX0="
    }
},
{
    "pk": "sdoom4vfc2yh7vyrqgn1j2pse4s77lul", 
    "model": "sessions.session", 
    "fields": {
        "expire_date": "2014-01-11T14:58:49.828Z", 
        "session_data": "NTQyMWE4MGMzNzAwMDUyMjBhMWMzMjU0ZjgzZTBhZWVmYjg4MTQ5Nzp7Il9hdXRoX3VzZXJfYmFja2VuZCI6ImRqYW5nby5jb250cmliLmF1dGguYmFja2VuZHMuTW9kZWxCYWNrZW5kIiwiX2F1dGhfdXNlcl9pZCI6NX0="
    }
},
{
    "pk": "sh103znwm1pqg50go5u5cc5605kfiblx", 
    "model": "sessions.session", 
    "fields": {
        "expire_date": "2014-01-12T07:31:45.828Z", 
        "session_data": "MzJiYmJhZTJjMTYyMTEzMGZjZjJkYjk3YmIwZTY2NGU0NmYzNmViODp7Il9hdXRoX3VzZXJfYmFja2VuZCI6ImRqYW5nby5jb250cmliLmF1dGguYmFja2VuZHMuTW9kZWxCYWNrZW5kIiwiX2F1dGhfdXNlcl9pZCI6MX0="
    }
},
{
    "pk": "si01n2jkdg20sowpvcgr1lgobci0rkb0", 
    "model": "sessions.session", 
    "fields": {
        "expire_date": "2014-01-07T12:24:08.187Z", 
        "session_data": "MzJiYmJhZTJjMTYyMTEzMGZjZjJkYjk3YmIwZTY2NGU0NmYzNmViODp7Il9hdXRoX3VzZXJfYmFja2VuZCI6ImRqYW5nby5jb250cmliLmF1dGguYmFja2VuZHMuTW9kZWxCYWNrZW5kIiwiX2F1dGhfdXNlcl9pZCI6MX0="
    }
},
{
    "pk": "sn2zue248nc7ygzt0cbz5x6jxs3pyz0a", 
    "model": "sessions.session", 
    "fields": {
        "expire_date": "2014-01-08T08:26:22.750Z", 
        "session_data": "MzJiYmJhZTJjMTYyMTEzMGZjZjJkYjk3YmIwZTY2NGU0NmYzNmViODp7Il9hdXRoX3VzZXJfYmFja2VuZCI6ImRqYW5nby5jb250cmliLmF1dGguYmFja2VuZHMuTW9kZWxCYWNrZW5kIiwiX2F1dGhfdXNlcl9pZCI6MX0="
    }
},
{
    "pk": "spdd0dpbzi8ml8hw4sggrjb3zz1dekc3", 
    "model": "sessions.session", 
    "fields": {
        "expire_date": "2014-01-11T16:55:13.640Z", 
        "session_data": "NTQyMWE4MGMzNzAwMDUyMjBhMWMzMjU0ZjgzZTBhZWVmYjg4MTQ5Nzp7Il9hdXRoX3VzZXJfYmFja2VuZCI6ImRqYW5nby5jb250cmliLmF1dGguYmFja2VuZHMuTW9kZWxCYWNrZW5kIiwiX2F1dGhfdXNlcl9pZCI6NX0="
    }
},
{
    "pk": "t0o2oee5tpaflslm9tw8j6pk907vdvxg", 
    "model": "sessions.session", 
    "fields": {
        "expire_date": "2014-01-08T08:21:48.734Z", 
        "session_data": "MzJiYmJhZTJjMTYyMTEzMGZjZjJkYjk3YmIwZTY2NGU0NmYzNmViODp7Il9hdXRoX3VzZXJfYmFja2VuZCI6ImRqYW5nby5jb250cmliLmF1dGguYmFja2VuZHMuTW9kZWxCYWNrZW5kIiwiX2F1dGhfdXNlcl9pZCI6MX0="
    }
},
{
    "pk": "t3g974gtz2k4b51n6buk33bkxnyb2qgk", 
    "model": "sessions.session", 
    "fields": {
        "expire_date": "2014-01-12T07:34:01.546Z", 
        "session_data": "MzJiYmJhZTJjMTYyMTEzMGZjZjJkYjk3YmIwZTY2NGU0NmYzNmViODp7Il9hdXRoX3VzZXJfYmFja2VuZCI6ImRqYW5nby5jb250cmliLmF1dGguYmFja2VuZHMuTW9kZWxCYWNrZW5kIiwiX2F1dGhfdXNlcl9pZCI6MX0="
    }
},
{
    "pk": "t4od69tilsh2w9phzblu20bw3dfmos4v", 
    "model": "sessions.session", 
    "fields": {
        "expire_date": "2014-01-11T14:59:19.796Z", 
        "session_data": "NTQyMWE4MGMzNzAwMDUyMjBhMWMzMjU0ZjgzZTBhZWVmYjg4MTQ5Nzp7Il9hdXRoX3VzZXJfYmFja2VuZCI6ImRqYW5nby5jb250cmliLmF1dGguYmFja2VuZHMuTW9kZWxCYWNrZW5kIiwiX2F1dGhfdXNlcl9pZCI6NX0="
    }
},
{
    "pk": "t9194c3dy2j0fqapgnou1jyiqxjd1gx1", 
    "model": "sessions.session", 
    "fields": {
        "expire_date": "2014-01-07T10:00:47.375Z", 
        "session_data": "MzJiYmJhZTJjMTYyMTEzMGZjZjJkYjk3YmIwZTY2NGU0NmYzNmViODp7Il9hdXRoX3VzZXJfYmFja2VuZCI6ImRqYW5nby5jb250cmliLmF1dGguYmFja2VuZHMuTW9kZWxCYWNrZW5kIiwiX2F1dGhfdXNlcl9pZCI6MX0="
    }
},
{
    "pk": "tinlwzto25mvu1wfdczl1te9rz8bv6x2", 
    "model": "sessions.session", 
    "fields": {
        "expire_date": "2014-01-12T11:44:25.031Z", 
        "session_data": "NTQyMWE4MGMzNzAwMDUyMjBhMWMzMjU0ZjgzZTBhZWVmYjg4MTQ5Nzp7Il9hdXRoX3VzZXJfYmFja2VuZCI6ImRqYW5nby5jb250cmliLmF1dGguYmFja2VuZHMuTW9kZWxCYWNrZW5kIiwiX2F1dGhfdXNlcl9pZCI6NX0="
    }
},
{
    "pk": "tnqxa679wfjc48ve69becn9j8yqbdbtk", 
    "model": "sessions.session", 
    "fields": {
        "expire_date": "2014-01-12T09:11:18.937Z", 
        "session_data": "MTdjNTQ1MTBlNGNjNDU1NmQxMGU2YWQ4MDhlYmMxOTAzYWQ0OTg5ZDp7fQ=="
    }
},
{
    "pk": "ty965wfremgqybbbsott6bru5sfqz67q", 
    "model": "sessions.session", 
    "fields": {
        "expire_date": "2014-01-09T11:25:30.286Z", 
        "session_data": "MzJiYmJhZTJjMTYyMTEzMGZjZjJkYjk3YmIwZTY2NGU0NmYzNmViODp7Il9hdXRoX3VzZXJfYmFja2VuZCI6ImRqYW5nby5jb250cmliLmF1dGguYmFja2VuZHMuTW9kZWxCYWNrZW5kIiwiX2F1dGhfdXNlcl9pZCI6MX0="
    }
},
{
    "pk": "tyhcvf1nt4v17aoukqtspjvounw165f7", 
    "model": "sessions.session", 
    "fields": {
        "expire_date": "2014-01-07T12:20:55.796Z", 
        "session_data": "MzJiYmJhZTJjMTYyMTEzMGZjZjJkYjk3YmIwZTY2NGU0NmYzNmViODp7Il9hdXRoX3VzZXJfYmFja2VuZCI6ImRqYW5nby5jb250cmliLmF1dGguYmFja2VuZHMuTW9kZWxCYWNrZW5kIiwiX2F1dGhfdXNlcl9pZCI6MX0="
    }
},
{
    "pk": "tzovelct9ars30zr4zsnprdb92hyynud", 
    "model": "sessions.session", 
    "fields": {
        "expire_date": "2014-01-12T08:04:01.296Z", 
        "session_data": "MTdjNTQ1MTBlNGNjNDU1NmQxMGU2YWQ4MDhlYmMxOTAzYWQ0OTg5ZDp7fQ=="
    }
},
{
    "pk": "tzuzpztrjchy4wbbsfe1k6dw8736dt5b", 
    "model": "sessions.session", 
    "fields": {
        "expire_date": "2014-01-09T10:01:34.677Z", 
        "session_data": "MzJiYmJhZTJjMTYyMTEzMGZjZjJkYjk3YmIwZTY2NGU0NmYzNmViODp7Il9hdXRoX3VzZXJfYmFja2VuZCI6ImRqYW5nby5jb250cmliLmF1dGguYmFja2VuZHMuTW9kZWxCYWNrZW5kIiwiX2F1dGhfdXNlcl9pZCI6MX0="
    }
},
{
    "pk": "u29w16aaiv251looxzorn3tmb2d5sssm", 
    "model": "sessions.session", 
    "fields": {
        "expire_date": "2014-01-07T10:06:39.281Z", 
        "session_data": "MTdjNTQ1MTBlNGNjNDU1NmQxMGU2YWQ4MDhlYmMxOTAzYWQ0OTg5ZDp7fQ=="
    }
},
{
    "pk": "u5slniob6mcgqrvsaakc2ecxtaykfklr", 
    "model": "sessions.session", 
    "fields": {
        "expire_date": "2014-01-07T11:00:36.296Z", 
        "session_data": "MzJiYmJhZTJjMTYyMTEzMGZjZjJkYjk3YmIwZTY2NGU0NmYzNmViODp7Il9hdXRoX3VzZXJfYmFja2VuZCI6ImRqYW5nby5jb250cmliLmF1dGguYmFja2VuZHMuTW9kZWxCYWNrZW5kIiwiX2F1dGhfdXNlcl9pZCI6MX0="
    }
},
{
    "pk": "uei2t7qug3u70w3h6dmxvwkkafbqu45g", 
    "model": "sessions.session", 
    "fields": {
        "expire_date": "2014-01-07T12:51:52.046Z", 
        "session_data": "MzJiYmJhZTJjMTYyMTEzMGZjZjJkYjk3YmIwZTY2NGU0NmYzNmViODp7Il9hdXRoX3VzZXJfYmFja2VuZCI6ImRqYW5nby5jb250cmliLmF1dGguYmFja2VuZHMuTW9kZWxCYWNrZW5kIiwiX2F1dGhfdXNlcl9pZCI6MX0="
    }
},
{
    "pk": "umupdyh31widswb0xwirzhedaiyl2x95", 
    "model": "sessions.session", 
    "fields": {
        "expire_date": "2014-01-08T08:15:22.328Z", 
        "session_data": "MzJiYmJhZTJjMTYyMTEzMGZjZjJkYjk3YmIwZTY2NGU0NmYzNmViODp7Il9hdXRoX3VzZXJfYmFja2VuZCI6ImRqYW5nby5jb250cmliLmF1dGguYmFja2VuZHMuTW9kZWxCYWNrZW5kIiwiX2F1dGhfdXNlcl9pZCI6MX0="
    }
},
{
    "pk": "umzijugqe45nu620mvp02p96k5i9dwgr", 
    "model": "sessions.session", 
    "fields": {
        "expire_date": "2014-01-12T07:38:15.046Z", 
        "session_data": "MzJiYmJhZTJjMTYyMTEzMGZjZjJkYjk3YmIwZTY2NGU0NmYzNmViODp7Il9hdXRoX3VzZXJfYmFja2VuZCI6ImRqYW5nby5jb250cmliLmF1dGguYmFja2VuZHMuTW9kZWxCYWNrZW5kIiwiX2F1dGhfdXNlcl9pZCI6MX0="
    }
},
{
    "pk": "v0az27iurzxup968j9ocnlhus6my0p5z", 
    "model": "sessions.session", 
    "fields": {
        "expire_date": "2014-01-12T09:11:09.515Z", 
        "session_data": "MzJiYmJhZTJjMTYyMTEzMGZjZjJkYjk3YmIwZTY2NGU0NmYzNmViODp7Il9hdXRoX3VzZXJfYmFja2VuZCI6ImRqYW5nby5jb250cmliLmF1dGguYmFja2VuZHMuTW9kZWxCYWNrZW5kIiwiX2F1dGhfdXNlcl9pZCI6MX0="
    }
},
{
    "pk": "v8afhfjapgip092a2v15v6qnpvzyy0bw", 
    "model": "sessions.session", 
    "fields": {
        "expire_date": "2014-01-09T10:08:32.068Z", 
        "session_data": "MzJiYmJhZTJjMTYyMTEzMGZjZjJkYjk3YmIwZTY2NGU0NmYzNmViODp7Il9hdXRoX3VzZXJfYmFja2VuZCI6ImRqYW5nby5jb250cmliLmF1dGguYmFja2VuZHMuTW9kZWxCYWNrZW5kIiwiX2F1dGhfdXNlcl9pZCI6MX0="
    }
},
{
    "pk": "vdunmwbk5nh6t7m0hsthdbdkqklwo6m0", 
    "model": "sessions.session", 
    "fields": {
        "expire_date": "2014-01-07T09:43:44.390Z", 
        "session_data": "MGNhMGRiYjZhMzNhMWQ4MzFjNTU1OTU3ODIzYWE2M2RiZGEwOGQ3Mzp7Il9hdXRoX3VzZXJfYmFja2VuZCI6ImRqYW5nby5jb250cmliLmF1dGguYmFja2VuZHMuTW9kZWxCYWNrZW5kIiwiX2F1dGhfdXNlcl9pZCI6MTJ9"
    }
},
{
    "pk": "vemysqxhr1waerr99z43se9qnylrwn6l", 
    "model": "sessions.session", 
    "fields": {
        "expire_date": "2014-01-09T10:05:11.427Z", 
        "session_data": "MzJiYmJhZTJjMTYyMTEzMGZjZjJkYjk3YmIwZTY2NGU0NmYzNmViODp7Il9hdXRoX3VzZXJfYmFja2VuZCI6ImRqYW5nby5jb250cmliLmF1dGguYmFja2VuZHMuTW9kZWxCYWNrZW5kIiwiX2F1dGhfdXNlcl9pZCI6MX0="
    }
},
{
    "pk": "vnzhafddp1l4m4qxuvpe8v5pqwwp7rm4", 
    "model": "sessions.session", 
    "fields": {
        "expire_date": "2014-01-11T14:59:46.984Z", 
        "session_data": "NTQyMWE4MGMzNzAwMDUyMjBhMWMzMjU0ZjgzZTBhZWVmYjg4MTQ5Nzp7Il9hdXRoX3VzZXJfYmFja2VuZCI6ImRqYW5nby5jb250cmliLmF1dGguYmFja2VuZHMuTW9kZWxCYWNrZW5kIiwiX2F1dGhfdXNlcl9pZCI6NX0="
    }
},
{
    "pk": "vphf30wy0xd7m22ndqjqmteub6fjzwgn", 
    "model": "sessions.session", 
    "fields": {
        "expire_date": "2014-01-12T09:31:19.343Z", 
        "session_data": "MzJiYmJhZTJjMTYyMTEzMGZjZjJkYjk3YmIwZTY2NGU0NmYzNmViODp7Il9hdXRoX3VzZXJfYmFja2VuZCI6ImRqYW5nby5jb250cmliLmF1dGguYmFja2VuZHMuTW9kZWxCYWNrZW5kIiwiX2F1dGhfdXNlcl9pZCI6MX0="
    }
},
{
    "pk": "vsd68vf2iat9j11cw4dyqclabnlh5xoy", 
    "model": "sessions.session", 
    "fields": {
        "expire_date": "2014-01-08T08:10:21.718Z", 
        "session_data": "MzJiYmJhZTJjMTYyMTEzMGZjZjJkYjk3YmIwZTY2NGU0NmYzNmViODp7Il9hdXRoX3VzZXJfYmFja2VuZCI6ImRqYW5nby5jb250cmliLmF1dGguYmFja2VuZHMuTW9kZWxCYWNrZW5kIiwiX2F1dGhfdXNlcl9pZCI6MX0="
    }
},
{
    "pk": "vwgghyf4n88q57ouzxhynh1xue2iimke", 
    "model": "sessions.session", 
    "fields": {
        "expire_date": "2014-01-07T10:04:56.750Z", 
        "session_data": "MzJiYmJhZTJjMTYyMTEzMGZjZjJkYjk3YmIwZTY2NGU0NmYzNmViODp7Il9hdXRoX3VzZXJfYmFja2VuZCI6ImRqYW5nby5jb250cmliLmF1dGguYmFja2VuZHMuTW9kZWxCYWNrZW5kIiwiX2F1dGhfdXNlcl9pZCI6MX0="
    }
},
{
    "pk": "w2447hgk0eksydu16jx2hl62ngn9yc6u", 
    "model": "sessions.session", 
    "fields": {
        "expire_date": "2014-01-12T09:30:52.421Z", 
        "session_data": "MzJiYmJhZTJjMTYyMTEzMGZjZjJkYjk3YmIwZTY2NGU0NmYzNmViODp7Il9hdXRoX3VzZXJfYmFja2VuZCI6ImRqYW5nby5jb250cmliLmF1dGguYmFja2VuZHMuTW9kZWxCYWNrZW5kIiwiX2F1dGhfdXNlcl9pZCI6MX0="
    }
},
{
    "pk": "w2oagja2qossuvdjy884usk0rsbrnu5i", 
    "model": "sessions.session", 
    "fields": {
        "expire_date": "2014-01-09T10:01:47.802Z", 
        "session_data": "MzJiYmJhZTJjMTYyMTEzMGZjZjJkYjk3YmIwZTY2NGU0NmYzNmViODp7Il9hdXRoX3VzZXJfYmFja2VuZCI6ImRqYW5nby5jb250cmliLmF1dGguYmFja2VuZHMuTW9kZWxCYWNrZW5kIiwiX2F1dGhfdXNlcl9pZCI6MX0="
    }
},
{
    "pk": "w3o07ye8rez4n8hmjra9xszg7pb0u2dv", 
    "model": "sessions.session", 
    "fields": {
        "expire_date": "2014-01-12T11:28:08.828Z", 
        "session_data": "NTQyMWE4MGMzNzAwMDUyMjBhMWMzMjU0ZjgzZTBhZWVmYjg4MTQ5Nzp7Il9hdXRoX3VzZXJfYmFja2VuZCI6ImRqYW5nby5jb250cmliLmF1dGguYmFja2VuZHMuTW9kZWxCYWNrZW5kIiwiX2F1dGhfdXNlcl9pZCI6NX0="
    }
},
{
    "pk": "w40i5i3yu5ko2dppko5gjo11m7153xnh", 
    "model": "sessions.session", 
    "fields": {
        "expire_date": "2014-01-08T08:17:23.906Z", 
        "session_data": "MzJiYmJhZTJjMTYyMTEzMGZjZjJkYjk3YmIwZTY2NGU0NmYzNmViODp7Il9hdXRoX3VzZXJfYmFja2VuZCI6ImRqYW5nby5jb250cmliLmF1dGguYmFja2VuZHMuTW9kZWxCYWNrZW5kIiwiX2F1dGhfdXNlcl9pZCI6MX0="
    }
},
{
    "pk": "w840j88me9dor8t41saweolgciudjtb0", 
    "model": "sessions.session", 
    "fields": {
        "expire_date": "2014-01-12T09:31:03.703Z", 
        "session_data": "MzJiYmJhZTJjMTYyMTEzMGZjZjJkYjk3YmIwZTY2NGU0NmYzNmViODp7Il9hdXRoX3VzZXJfYmFja2VuZCI6ImRqYW5nby5jb250cmliLmF1dGguYmFja2VuZHMuTW9kZWxCYWNrZW5kIiwiX2F1dGhfdXNlcl9pZCI6MX0="
    }
},
{
    "pk": "wec5xoq1soqr165v50qyyrfdyekufj6n", 
    "model": "sessions.session", 
    "fields": {
        "expire_date": "2014-01-09T10:09:10.911Z", 
        "session_data": "MzJiYmJhZTJjMTYyMTEzMGZjZjJkYjk3YmIwZTY2NGU0NmYzNmViODp7Il9hdXRoX3VzZXJfYmFja2VuZCI6ImRqYW5nby5jb250cmliLmF1dGguYmFja2VuZHMuTW9kZWxCYWNrZW5kIiwiX2F1dGhfdXNlcl9pZCI6MX0="
    }
},
{
    "pk": "wew9ftx6r7d1j12njxa79es4wzt5hg7z", 
    "model": "sessions.session", 
    "fields": {
        "expire_date": "2014-01-11T14:22:44.234Z", 
        "session_data": "MzJiYmJhZTJjMTYyMTEzMGZjZjJkYjk3YmIwZTY2NGU0NmYzNmViODp7Il9hdXRoX3VzZXJfYmFja2VuZCI6ImRqYW5nby5jb250cmliLmF1dGguYmFja2VuZHMuTW9kZWxCYWNrZW5kIiwiX2F1dGhfdXNlcl9pZCI6MX0="
    }
},
{
    "pk": "wi29qxcrzn0my8ucvby4s6m5ecmu44wa", 
    "model": "sessions.session", 
    "fields": {
        "expire_date": "2014-01-07T10:06:32.468Z", 
        "session_data": "MzJiYmJhZTJjMTYyMTEzMGZjZjJkYjk3YmIwZTY2NGU0NmYzNmViODp7Il9hdXRoX3VzZXJfYmFja2VuZCI6ImRqYW5nby5jb250cmliLmF1dGguYmFja2VuZHMuTW9kZWxCYWNrZW5kIiwiX2F1dGhfdXNlcl9pZCI6MX0="
    }
},
{
    "pk": "wqprf2bkertv9qnadpbb5j13278814f7", 
    "model": "sessions.session", 
    "fields": {
        "expire_date": "2014-01-07T12:52:11.937Z", 
        "session_data": "MzJiYmJhZTJjMTYyMTEzMGZjZjJkYjk3YmIwZTY2NGU0NmYzNmViODp7Il9hdXRoX3VzZXJfYmFja2VuZCI6ImRqYW5nby5jb250cmliLmF1dGguYmFja2VuZHMuTW9kZWxCYWNrZW5kIiwiX2F1dGhfdXNlcl9pZCI6MX0="
    }
},
{
    "pk": "ws93x8mkgt61h6daqt9g1e1hmh80pqa4", 
    "model": "sessions.session", 
    "fields": {
        "expire_date": "2014-01-09T11:24:54.896Z", 
        "session_data": "MTdjNTQ1MTBlNGNjNDU1NmQxMGU2YWQ4MDhlYmMxOTAzYWQ0OTg5ZDp7fQ=="
    }
},
{
    "pk": "xbx8zkuc9tquuxm7w9dulz6xt2pg5475", 
    "model": "sessions.session", 
    "fields": {
        "expire_date": "2014-01-11T14:58:22.250Z", 
        "session_data": "NTQyMWE4MGMzNzAwMDUyMjBhMWMzMjU0ZjgzZTBhZWVmYjg4MTQ5Nzp7Il9hdXRoX3VzZXJfYmFja2VuZCI6ImRqYW5nby5jb250cmliLmF1dGguYmFja2VuZHMuTW9kZWxCYWNrZW5kIiwiX2F1dGhfdXNlcl9pZCI6NX0="
    }
},
{
    "pk": "xet92ktww9vk5rsvxq6ldw1rv3vsbxcn", 
    "model": "sessions.session", 
    "fields": {
        "expire_date": "2014-01-12T08:04:15.484Z", 
        "session_data": "MzJiYmJhZTJjMTYyMTEzMGZjZjJkYjk3YmIwZTY2NGU0NmYzNmViODp7Il9hdXRoX3VzZXJfYmFja2VuZCI6ImRqYW5nby5jb250cmliLmF1dGguYmFja2VuZHMuTW9kZWxCYWNrZW5kIiwiX2F1dGhfdXNlcl9pZCI6MX0="
    }
},
{
    "pk": "xgea3cxwar7bxlvm422oorclsejxvda1", 
    "model": "sessions.session", 
    "fields": {
        "expire_date": "2014-01-12T07:33:35.359Z", 
        "session_data": "MTdjNTQ1MTBlNGNjNDU1NmQxMGU2YWQ4MDhlYmMxOTAzYWQ0OTg5ZDp7fQ=="
    }
},
{
    "pk": "xtjuuhjegrhmaqct633t7kg6nnuyfdmh", 
    "model": "sessions.session", 
    "fields": {
        "expire_date": "2014-01-08T08:25:40.093Z", 
        "session_data": "MzJiYmJhZTJjMTYyMTEzMGZjZjJkYjk3YmIwZTY2NGU0NmYzNmViODp7Il9hdXRoX3VzZXJfYmFja2VuZCI6ImRqYW5nby5jb250cmliLmF1dGguYmFja2VuZHMuTW9kZWxCYWNrZW5kIiwiX2F1dGhfdXNlcl9pZCI6MX0="
    }
},
{
    "pk": "xycuotvo3y1ebycqwehvl8d59jsjtmaq", 
    "model": "sessions.session", 
    "fields": {
        "expire_date": "2014-01-09T10:11:25.599Z", 
        "session_data": "MzJiYmJhZTJjMTYyMTEzMGZjZjJkYjk3YmIwZTY2NGU0NmYzNmViODp7Il9hdXRoX3VzZXJfYmFja2VuZCI6ImRqYW5nby5jb250cmliLmF1dGguYmFja2VuZHMuTW9kZWxCYWNrZW5kIiwiX2F1dGhfdXNlcl9pZCI6MX0="
    }
},
{
    "pk": "y0d4iwyir18tauy4roqo9x17xqu0l5ht", 
    "model": "sessions.session", 
    "fields": {
        "expire_date": "2014-01-08T08:07:24.765Z", 
        "session_data": "MzJiYmJhZTJjMTYyMTEzMGZjZjJkYjk3YmIwZTY2NGU0NmYzNmViODp7Il9hdXRoX3VzZXJfYmFja2VuZCI6ImRqYW5nby5jb250cmliLmF1dGguYmFja2VuZHMuTW9kZWxCYWNrZW5kIiwiX2F1dGhfdXNlcl9pZCI6MX0="
    }
},
{
    "pk": "yadaapioyje05o76zqt6g8u9h6k94ve6", 
    "model": "sessions.session", 
    "fields": {
        "expire_date": "2014-01-08T08:07:12.078Z", 
        "session_data": "MzJiYmJhZTJjMTYyMTEzMGZjZjJkYjk3YmIwZTY2NGU0NmYzNmViODp7Il9hdXRoX3VzZXJfYmFja2VuZCI6ImRqYW5nby5jb250cmliLmF1dGguYmFja2VuZHMuTW9kZWxCYWNrZW5kIiwiX2F1dGhfdXNlcl9pZCI6MX0="
    }
},
{
    "pk": "yku4pwrjgz71y9ji1oz7a3ubyx4dy4ic", 
    "model": "sessions.session", 
    "fields": {
        "expire_date": "2014-01-09T09:41:43.052Z", 
        "session_data": "MzJiYmJhZTJjMTYyMTEzMGZjZjJkYjk3YmIwZTY2NGU0NmYzNmViODp7Il9hdXRoX3VzZXJfYmFja2VuZCI6ImRqYW5nby5jb250cmliLmF1dGguYmFja2VuZHMuTW9kZWxCYWNrZW5kIiwiX2F1dGhfdXNlcl9pZCI6MX0="
    }
},
{
    "pk": "yp0nazchiplgzultuvz60v93jyms2605", 
    "model": "sessions.session", 
    "fields": {
        "expire_date": "2014-01-12T07:34:08.234Z", 
        "session_data": "MzJiYmJhZTJjMTYyMTEzMGZjZjJkYjk3YmIwZTY2NGU0NmYzNmViODp7Il9hdXRoX3VzZXJfYmFja2VuZCI6ImRqYW5nby5jb250cmliLmF1dGguYmFja2VuZHMuTW9kZWxCYWNrZW5kIiwiX2F1dGhfdXNlcl9pZCI6MX0="
    }
},
{
    "pk": "z7thc16quvx38edi3ruyhnpooglk3b2z", 
    "model": "sessions.session", 
    "fields": {
        "expire_date": "2014-01-11T15:55:13.656Z", 
        "session_data": "NTQyMWE4MGMzNzAwMDUyMjBhMWMzMjU0ZjgzZTBhZWVmYjg4MTQ5Nzp7Il9hdXRoX3VzZXJfYmFja2VuZCI6ImRqYW5nby5jb250cmliLmF1dGguYmFja2VuZHMuTW9kZWxCYWNrZW5kIiwiX2F1dGhfdXNlcl9pZCI6NX0="
    }
},
{
    "pk": "zahvylmlkd3renj7jvbscxgcarc0ci2f", 
    "model": "sessions.session", 
    "fields": {
        "expire_date": "2014-01-08T08:07:31.468Z", 
        "session_data": "MzJiYmJhZTJjMTYyMTEzMGZjZjJkYjk3YmIwZTY2NGU0NmYzNmViODp7Il9hdXRoX3VzZXJfYmFja2VuZCI6ImRqYW5nby5jb250cmliLmF1dGguYmFja2VuZHMuTW9kZWxCYWNrZW5kIiwiX2F1dGhfdXNlcl9pZCI6MX0="
    }
},
{
    "pk": "zhe5ouh7b5n4cin3mss6fpxbwbstldip", 
    "model": "sessions.session", 
    "fields": {
        "expire_date": "2014-01-09T09:41:36.443Z", 
        "session_data": "MzJiYmJhZTJjMTYyMTEzMGZjZjJkYjk3YmIwZTY2NGU0NmYzNmViODp7Il9hdXRoX3VzZXJfYmFja2VuZCI6ImRqYW5nby5jb250cmliLmF1dGguYmFja2VuZHMuTW9kZWxCYWNrZW5kIiwiX2F1dGhfdXNlcl9pZCI6MX0="
    }
},
{
    "pk": "zny1qmm46jycs8crfjvktrlivz11t8xi", 
    "model": "sessions.session", 
    "fields": {
        "expire_date": "2014-01-08T08:07:18.218Z", 
        "session_data": "MzJiYmJhZTJjMTYyMTEzMGZjZjJkYjk3YmIwZTY2NGU0NmYzNmViODp7Il9hdXRoX3VzZXJfYmFja2VuZCI6ImRqYW5nby5jb250cmliLmF1dGguYmFja2VuZHMuTW9kZWxCYWNrZW5kIiwiX2F1dGhfdXNlcl9pZCI6MX0="
    }
},
{
    "pk": "zox8o8v7bxiaint0k8p72dosa5euacgy", 
    "model": "sessions.session", 
    "fields": {
        "expire_date": "2014-01-12T11:27:19.390Z", 
        "session_data": "NTQyMWE4MGMzNzAwMDUyMjBhMWMzMjU0ZjgzZTBhZWVmYjg4MTQ5Nzp7Il9hdXRoX3VzZXJfYmFja2VuZCI6ImRqYW5nby5jb250cmliLmF1dGguYmFja2VuZHMuTW9kZWxCYWNrZW5kIiwiX2F1dGhfdXNlcl9pZCI6NX0="
    }
},
{
    "pk": "zpx917bindr87f92pv4t3jcmqhdb1yi1", 
    "model": "sessions.session", 
    "fields": {
        "expire_date": "2014-01-12T07:37:16.046Z", 
        "session_data": "MzJiYmJhZTJjMTYyMTEzMGZjZjJkYjk3YmIwZTY2NGU0NmYzNmViODp7Il9hdXRoX3VzZXJfYmFja2VuZCI6ImRqYW5nby5jb250cmliLmF1dGguYmFja2VuZHMuTW9kZWxCYWNrZW5kIiwiX2F1dGhfdXNlcl9pZCI6MX0="
    }
},
{
    "pk": "zqccd2fcr70cua3hnqg4afoko9dmzio1", 
    "model": "sessions.session", 
    "fields": {
        "expire_date": "2014-01-12T07:31:39.703Z", 
        "session_data": "MzJiYmJhZTJjMTYyMTEzMGZjZjJkYjk3YmIwZTY2NGU0NmYzNmViODp7Il9hdXRoX3VzZXJfYmFja2VuZCI6ImRqYW5nby5jb250cmliLmF1dGguYmFja2VuZHMuTW9kZWxCYWNrZW5kIiwiX2F1dGhfdXNlcl9pZCI6MX0="
    }
},
{
    "pk": "zr6qep60awj7csxgrfrlj8oi0699z3ro", 
    "model": "sessions.session", 
    "fields": {
        "expire_date": "2014-01-11T15:49:23.484Z", 
        "session_data": "NTQyMWE4MGMzNzAwMDUyMjBhMWMzMjU0ZjgzZTBhZWVmYjg4MTQ5Nzp7Il9hdXRoX3VzZXJfYmFja2VuZCI6ImRqYW5nby5jb250cmliLmF1dGguYmFja2VuZHMuTW9kZWxCYWNrZW5kIiwiX2F1dGhfdXNlcl9pZCI6NX0="
    }
},
{
    "pk": 1, 
    "model": "tipgame.country", 
    "fields": {
        "group": "A", 
        "name": "Brasilien"
    }
},
{
    "pk": 2, 
    "model": "tipgame.country", 
    "fields": {
        "group": "A", 
        "name": "Kroatien"
    }
},
{
    "pk": 3, 
    "model": "tipgame.country", 
    "fields": {
        "group": "A", 
        "name": "Mexiko"
    }
},
{
    "pk": 4, 
    "model": "tipgame.country", 
    "fields": {
        "group": "A", 
        "name": "Kamerun"
    }
},
{
    "pk": 5, 
    "model": "tipgame.country", 
    "fields": {
        "group": "B", 
        "name": "Spanien"
    }
},
{
    "pk": 6, 
    "model": "tipgame.country", 
    "fields": {
        "group": "B", 
        "name": "Niederlande"
    }
},
{
    "pk": 7, 
    "model": "tipgame.country", 
    "fields": {
        "group": "B", 
        "name": "Chile"
    }
},
{
    "pk": 8, 
    "model": "tipgame.country", 
    "fields": {
        "group": "B", 
        "name": "Australien"
    }
},
{
    "pk": 9, 
    "model": "tipgame.country", 
    "fields": {
        "group": "C", 
        "name": "Kolumbien"
    }
},
{
    "pk": 10, 
    "model": "tipgame.country", 
    "fields": {
        "group": "C", 
        "name": "Griechenland"
    }
},
{
    "pk": 11, 
    "model": "tipgame.country", 
    "fields": {
        "group": "C", 
        "name": "Elfenbeink\u00fcste"
    }
},
{
    "pk": 12, 
    "model": "tipgame.country", 
    "fields": {
        "group": "C", 
        "name": "Japan"
    }
},
{
    "pk": 13, 
    "model": "tipgame.country", 
    "fields": {
        "group": "D", 
        "name": "Uruguay"
    }
},
{
    "pk": 14, 
    "model": "tipgame.country", 
    "fields": {
        "group": "D", 
        "name": "Costa Rica"
    }
},
{
    "pk": 15, 
    "model": "tipgame.country", 
    "fields": {
        "group": "D", 
        "name": "England"
    }
},
{
    "pk": 16, 
    "model": "tipgame.country", 
    "fields": {
        "group": "D", 
        "name": "Italien"
    }
},
{
    "pk": 17, 
    "model": "tipgame.country", 
    "fields": {
        "group": "E", 
        "name": "Schweiz"
    }
},
{
    "pk": 18, 
    "model": "tipgame.country", 
    "fields": {
        "group": "E", 
        "name": "Ecuador"
    }
},
{
    "pk": 19, 
    "model": "tipgame.country", 
    "fields": {
        "group": "E", 
        "name": "Frankreich"
    }
},
{
    "pk": 20, 
    "model": "tipgame.country", 
    "fields": {
        "group": "E", 
        "name": "Honduras"
    }
},
{
    "pk": 21, 
    "model": "tipgame.country", 
    "fields": {
        "group": "F", 
        "name": "Argentinien"
    }
},
{
    "pk": 22, 
    "model": "tipgame.country", 
    "fields": {
        "group": "F", 
        "name": "Bosnien-Herzegowina"
    }
},
{
    "pk": 23, 
    "model": "tipgame.country", 
    "fields": {
        "group": "F", 
        "name": "Iran"
    }
},
{
    "pk": 24, 
    "model": "tipgame.country", 
    "fields": {
        "group": "F", 
        "name": "Nigeria"
    }
},
{
    "pk": 25, 
    "model": "tipgame.country", 
    "fields": {
        "group": "G", 
        "name": "Deutschland"
    }
},
{
    "pk": 26, 
    "model": "tipgame.country", 
    "fields": {
        "group": "G", 
        "name": "Portugal"
    }
},
{
    "pk": 27, 
    "model": "tipgame.country", 
    "fields": {
        "group": "G", 
        "name": "Ghana"
    }
},
{
    "pk": 28, 
    "model": "tipgame.country", 
    "fields": {
        "group": "G", 
        "name": "USA"
    }
},
{
    "pk": 29, 
    "model": "tipgame.country", 
    "fields": {
        "group": "H", 
        "name": "Belgien"
    }
},
{
    "pk": 30, 
    "model": "tipgame.country", 
    "fields": {
        "group": "H", 
        "name": "Algerien"
    }
},
{
    "pk": 31, 
    "model": "tipgame.country", 
    "fields": {
        "group": "H", 
        "name": "Russland"
    }
},
{
    "pk": 32, 
    "model": "tipgame.country", 
    "fields": {
        "group": "H", 
        "name": "Korea"
    }
},
{
    "pk": 33, 
    "model": "tipgame.country", 
    "fields": {
        "group": "N", 
        "name": "Erster Gruppe A"
    }
},
{
    "pk": 34, 
    "model": "tipgame.country", 
    "fields": {
        "group": "N", 
        "name": "Erster Gruppe B"
    }
},
{
    "pk": 35, 
    "model": "tipgame.country", 
    "fields": {
        "group": "N", 
        "name": "Erster Gruppe C"
    }
},
{
    "pk": 36, 
    "model": "tipgame.country", 
    "fields": {
        "group": "N", 
        "name": "Erster Gruppe D"
    }
},
{
    "pk": 37, 
    "model": "tipgame.country", 
    "fields": {
        "group": "N", 
        "name": "Erster Gruppe E"
    }
},
{
    "pk": 38, 
    "model": "tipgame.country", 
    "fields": {
        "group": "N", 
        "name": "Erster Gruppe F"
    }
},
{
    "pk": 39, 
    "model": "tipgame.country", 
    "fields": {
        "group": "N", 
        "name": "Erster Gruppe G"
    }
},
{
    "pk": 40, 
    "model": "tipgame.country", 
    "fields": {
        "group": "N", 
        "name": "Erster Gruppe H"
    }
},
{
    "pk": 41, 
    "model": "tipgame.country", 
    "fields": {
        "group": "N", 
        "name": "Zweiter Gruppe A"
    }
},
{
    "pk": 42, 
    "model": "tipgame.country", 
    "fields": {
        "group": "N", 
        "name": "Zweiter Gruppe B"
    }
},
{
    "pk": 43, 
    "model": "tipgame.country", 
    "fields": {
        "group": "N", 
        "name": "Zweiter Gruppe C"
    }
},
{
    "pk": 44, 
    "model": "tipgame.country", 
    "fields": {
        "group": "N", 
        "name": "Zweiter Gruppe D"
    }
},
{
    "pk": 45, 
    "model": "tipgame.country", 
    "fields": {
        "group": "N", 
        "name": "Zweiter Gruppe E"
    }
},
{
    "pk": 46, 
    "model": "tipgame.country", 
    "fields": {
        "group": "N", 
        "name": "Zweiter Gruppe F"
    }
},
{
    "pk": 47, 
    "model": "tipgame.country", 
    "fields": {
        "group": "N", 
        "name": "Zweiter Gruppe G"
    }
},
{
    "pk": 48, 
    "model": "tipgame.country", 
    "fields": {
        "group": "N", 
        "name": "Zweiter Gruppe H"
    }
},
{
    "pk": 49, 
    "model": "tipgame.country", 
    "fields": {
        "group": "N", 
        "name": "Sieger Spiel 49"
    }
},
{
    "pk": 50, 
    "model": "tipgame.country", 
    "fields": {
        "group": "N", 
        "name": "Sieger Spiel 50"
    }
},
{
    "pk": 51, 
    "model": "tipgame.country", 
    "fields": {
        "group": "N", 
        "name": "Sieger Spiel 51"
    }
},
{
    "pk": 52, 
    "model": "tipgame.country", 
    "fields": {
        "group": "N", 
        "name": "Sieger Spiel 52"
    }
},
{
    "pk": 53, 
    "model": "tipgame.country", 
    "fields": {
        "group": "N", 
        "name": "Sieger Spiel 53"
    }
},
{
    "pk": 54, 
    "model": "tipgame.country", 
    "fields": {
        "group": "N", 
        "name": "Sieger Spiel 54"
    }
},
{
    "pk": 55, 
    "model": "tipgame.country", 
    "fields": {
        "group": "N", 
        "name": "Sieger Spiel 55"
    }
},
{
    "pk": 56, 
    "model": "tipgame.country", 
    "fields": {
        "group": "N", 
        "name": "Sieger Spiel 56"
    }
},
{
    "pk": 57, 
    "model": "tipgame.country", 
    "fields": {
        "group": "N", 
        "name": "Sieger Spiel 57"
    }
},
{
    "pk": 58, 
    "model": "tipgame.country", 
    "fields": {
        "group": "N", 
        "name": "Sieger Spiel 58"
    }
},
{
    "pk": 59, 
    "model": "tipgame.country", 
    "fields": {
        "group": "N", 
        "name": "Sieger Spiel 59"
    }
},
{
    "pk": 60, 
    "model": "tipgame.country", 
    "fields": {
        "group": "N", 
        "name": "Sieger Spiel 60"
    }
},
{
    "pk": 61, 
    "model": "tipgame.country", 
    "fields": {
        "group": "N", 
        "name": "Verlierer Spiel 61"
    }
},
{
    "pk": 62, 
    "model": "tipgame.country", 
    "fields": {
        "group": "N", 
        "name": "Verlierer Spiel 62"
    }
},
{
    "pk": 63, 
    "model": "tipgame.country", 
    "fields": {
        "group": "N", 
        "name": "Sieger Spiel 61"
    }
},
{
    "pk": 64, 
    "model": "tipgame.country", 
    "fields": {
        "group": "N", 
        "name": "Sieger Spiel 62"
    }
},
{
    "pk": 1, 
    "model": "tipgame.city", 
    "fields": {
        "name": "Rio de Janeiro", 
        "stadium": "Maracana-Stadion"
    }
},
{
    "pk": 2, 
    "model": "tipgame.city", 
    "fields": {
        "name": "Sao Paulo", 
        "stadium": "Arena de Sao Paulo"
    }
},
{
    "pk": 3, 
    "model": "tipgame.city", 
    "fields": {
        "name": "Belo Horizonte", 
        "stadium": "Est\u00e1dio Mineirao"
    }
},
{
    "pk": 4, 
    "model": "tipgame.city", 
    "fields": {
        "name": "Brasilia", 
        "stadium": "Est\u00e1dio Nacional"
    }
},
{
    "pk": 5, 
    "model": "tipgame.city", 
    "fields": {
        "name": "Cuiaba", 
        "stadium": "Arena Pantanal"
    }
},
{
    "pk": 6, 
    "model": "tipgame.city", 
    "fields": {
        "name": "Curitiba", 
        "stadium": "Arena da Baixada"
    }
},
{
    "pk": 7, 
    "model": "tipgame.city", 
    "fields": {
        "name": "Fortaleza", 
        "stadium": "Est\u00e1dio Castelao"
    }
},
{
    "pk": 8, 
    "model": "tipgame.city", 
    "fields": {
        "name": "Manaus", 
        "stadium": "Arena da Amaz\u00f4nia"
    }
},
{
    "pk": 9, 
    "model": "tipgame.city", 
    "fields": {
        "name": "Natal", 
        "stadium": "Arena das Dunas"
    }
},
{
    "pk": 10, 
    "model": "tipgame.city", 
    "fields": {
        "name": "Porto Alegre", 
        "stadium": "Est\u00e1dio Beira-Rio"
    }
},
{
    "pk": 11, 
    "model": "tipgame.city", 
    "fields": {
        "name": "Recife", 
        "stadium": "Arena Pernambuco"
    }
},
{
    "pk": 12, 
    "model": "tipgame.city", 
    "fields": {
        "name": "Salvador da Bahia", 
        "stadium": "Arena Fonte Nova"
    }
},
{
    "pk": 1, 
    "model": "tipgame.round", 
    "fields": {
        "points_for_correct_goal_difference": 2, 
        "points_for_correct_tendency": 1, 
        "name": "Vorrunde", 
        "short_name": "VR", 
        "points_for_correct_result": 3
    }
},
{
    "pk": 2, 
    "model": "tipgame.round", 
    "fields": {
        "points_for_correct_goal_difference": 4, 
        "points_for_correct_tendency": 2, 
        "name": "Achtelfinale", 
        "short_name": "AF", 
        "points_for_correct_result": 6
    }
},
{
    "pk": 3, 
    "model": "tipgame.round", 
    "fields": {
        "points_for_correct_goal_difference": 6, 
        "points_for_correct_tendency": 3, 
        "name": "Viertelfinale", 
        "short_name": "VF", 
        "points_for_correct_result": 9
    }
},
{
    "pk": 4, 
    "model": "tipgame.round", 
    "fields": {
        "points_for_correct_goal_difference": 8, 
        "points_for_correct_tendency": 4, 
        "name": "Halbfinale", 
        "short_name": "HF", 
        "points_for_correct_result": 12
    }
},
{
    "pk": 5, 
    "model": "tipgame.round", 
    "fields": {
        "points_for_correct_goal_difference": 10, 
        "points_for_correct_tendency": 5, 
        "name": "Spiel um Platz 3", 
        "short_name": "S3", 
        "points_for_correct_result": 15
    }
},
{
    "pk": 6, 
    "model": "tipgame.round", 
    "fields": {
        "points_for_correct_goal_difference": 12, 
        "points_for_correct_tendency": 6, 
        "name": "Finale", 
        "short_name": "F", 
        "points_for_correct_result": 18
    }
},
{
    "pk": 1, 
    "model": "tipgame.game", 
    "fields": {
        "date_time": "2014-06-12T20:00:00Z", 
        "city": 2, 
        "result2": null, 
        "result1": null, 
        "country2": 2, 
        "country1": 1, 
        "round": 1
    }
},
{
    "pk": 2, 
    "model": "tipgame.game", 
    "fields": {
        "date_time": "2014-06-13T16:00:00Z", 
        "city": 9, 
        "result2": null, 
        "result1": null, 
        "country2": 4, 
        "country1": 3, 
        "round": 1
    }
},
{
    "pk": 3, 
    "model": "tipgame.game", 
    "fields": {
        "date_time": "2014-06-13T19:00:00Z", 
        "city": 12, 
        "result2": null, 
        "result1": null, 
        "country2": 6, 
        "country1": 5, 
        "round": 1
    }
},
{
    "pk": 4, 
    "model": "tipgame.game", 
    "fields": {
        "date_time": "2014-06-13T22:00:00Z", 
        "city": 5, 
        "result2": null, 
        "result1": null, 
        "country2": 8, 
        "country1": 7, 
        "round": 1
    }
},
{
    "pk": 5, 
    "model": "tipgame.game", 
    "fields": {
        "date_time": "2014-06-14T16:00:00Z", 
        "city": 3, 
        "result2": null, 
        "result1": null, 
        "country2": 10, 
        "country1": 9, 
        "round": 1
    }
},
{
    "pk": 6, 
    "model": "tipgame.game", 
    "fields": {
        "date_time": "2014-06-15T01:00:00Z", 
        "city": 11, 
        "result2": null, 
        "result1": null, 
        "country2": 12, 
        "country1": 11, 
        "round": 1
    }
},
{
    "pk": 7, 
    "model": "tipgame.game", 
    "fields": {
        "date_time": "2014-06-14T19:00:00Z", 
        "city": 7, 
        "result2": null, 
        "result1": null, 
        "country2": 14, 
        "country1": 13, 
        "round": 1
    }
},
{
    "pk": 8, 
    "model": "tipgame.game", 
    "fields": {
        "date_time": "2014-06-14T22:00:00Z", 
        "city": 8, 
        "result2": null, 
        "result1": null, 
        "country2": 16, 
        "country1": 15, 
        "round": 1
    }
},
{
    "pk": 9, 
    "model": "tipgame.game", 
    "fields": {
        "date_time": "2014-06-15T16:00:00Z", 
        "city": 4, 
        "result2": null, 
        "result1": null, 
        "country2": 18, 
        "country1": 17, 
        "round": 1
    }
},
{
    "pk": 10, 
    "model": "tipgame.game", 
    "fields": {
        "date_time": "2014-06-15T19:00:00Z", 
        "city": 10, 
        "result2": null, 
        "result1": null, 
        "country2": 20, 
        "country1": 19, 
        "round": 1
    }
},
{
    "pk": 11, 
    "model": "tipgame.game", 
    "fields": {
        "date_time": "2014-06-15T22:00:00Z", 
        "city": 1, 
        "result2": null, 
        "result1": null, 
        "country2": 22, 
        "country1": 21, 
        "round": 1
    }
},
{
    "pk": 12, 
    "model": "tipgame.game", 
    "fields": {
        "date_time": "2014-06-16T19:00:00Z", 
        "city": 6, 
        "result2": null, 
        "result1": null, 
        "country2": 24, 
        "country1": 23, 
        "round": 1
    }
},
{
    "pk": 13, 
    "model": "tipgame.game", 
    "fields": {
        "date_time": "2014-06-16T16:00:00Z", 
        "city": 12, 
        "result2": null, 
        "result1": null, 
        "country2": 26, 
        "country1": 25, 
        "round": 1
    }
},
{
    "pk": 14, 
    "model": "tipgame.game", 
    "fields": {
        "date_time": "2014-06-16T22:00:00Z", 
        "city": 9, 
        "result2": null, 
        "result1": null, 
        "country2": 28, 
        "country1": 27, 
        "round": 1
    }
},
{
    "pk": 15, 
    "model": "tipgame.game", 
    "fields": {
        "date_time": "2014-06-17T16:00:00Z", 
        "city": 3, 
        "result2": null, 
        "result1": null, 
        "country2": 30, 
        "country1": 29, 
        "round": 1
    }
},
{
    "pk": 16, 
    "model": "tipgame.game", 
    "fields": {
        "date_time": "2014-06-17T22:00:00Z", 
        "city": 6, 
        "result2": null, 
        "result1": null, 
        "country2": 32, 
        "country1": 31, 
        "round": 1
    }
},
{
    "pk": 17, 
    "model": "tipgame.game", 
    "fields": {
        "date_time": "2014-06-17T19:00:00Z", 
        "city": 7, 
        "result2": null, 
        "result1": null, 
        "country2": 3, 
        "country1": 1, 
        "round": 1
    }
},
{
    "pk": 18, 
    "model": "tipgame.game", 
    "fields": {
        "date_time": "2014-06-18T22:00:00Z", 
        "city": 8, 
        "result2": null, 
        "result1": null, 
        "country2": 2, 
        "country1": 4, 
        "round": 1
    }
},
{
    "pk": 19, 
    "model": "tipgame.game", 
    "fields": {
        "date_time": "2014-06-18T19:00:00Z", 
        "city": 1, 
        "result2": null, 
        "result1": null, 
        "country2": 7, 
        "country1": 5, 
        "round": 1
    }
},
{
    "pk": 20, 
    "model": "tipgame.game", 
    "fields": {
        "date_time": "2014-06-18T16:00:00Z", 
        "city": 10, 
        "result2": null, 
        "result1": null, 
        "country2": 6, 
        "country1": 8, 
        "round": 1
    }
},
{
    "pk": 21, 
    "model": "tipgame.game", 
    "fields": {
        "date_time": "2014-06-19T16:00:00Z", 
        "city": 4, 
        "result2": null, 
        "result1": null, 
        "country2": 11, 
        "country1": 9, 
        "round": 1
    }
},
{
    "pk": 22, 
    "model": "tipgame.game", 
    "fields": {
        "date_time": "2014-06-19T22:00:00Z", 
        "city": 9, 
        "result2": null, 
        "result1": null, 
        "country2": 10, 
        "country1": 12, 
        "round": 1
    }
},
{
    "pk": 23, 
    "model": "tipgame.game", 
    "fields": {
        "date_time": "2014-06-19T19:00:00Z", 
        "city": 2, 
        "result2": null, 
        "result1": null, 
        "country2": 15, 
        "country1": 13, 
        "round": 1
    }
},
{
    "pk": 24, 
    "model": "tipgame.game", 
    "fields": {
        "date_time": "2014-06-20T16:00:00Z", 
        "city": 11, 
        "result2": null, 
        "result1": null, 
        "country2": 14, 
        "country1": 16, 
        "round": 1
    }
},
{
    "pk": 25, 
    "model": "tipgame.game", 
    "fields": {
        "date_time": "2014-06-20T19:00:00Z", 
        "city": 12, 
        "result2": null, 
        "result1": null, 
        "country2": 19, 
        "country1": 17, 
        "round": 1
    }
},
{
    "pk": 26, 
    "model": "tipgame.game", 
    "fields": {
        "date_time": "2014-06-20T22:00:00Z", 
        "city": 6, 
        "result2": null, 
        "result1": null, 
        "country2": 18, 
        "country1": 20, 
        "round": 1
    }
},
{
    "pk": 27, 
    "model": "tipgame.game", 
    "fields": {
        "date_time": "2014-06-21T16:00:00Z", 
        "city": 3, 
        "result2": null, 
        "result1": null, 
        "country2": 23, 
        "country1": 21, 
        "round": 1
    }
},
{
    "pk": 28, 
    "model": "tipgame.game", 
    "fields": {
        "date_time": "2014-06-21T22:00:00Z", 
        "city": 5, 
        "result2": null, 
        "result1": null, 
        "country2": 22, 
        "country1": 24, 
        "round": 1
    }
},
{
    "pk": 29, 
    "model": "tipgame.game", 
    "fields": {
        "date_time": "2014-06-21T19:00:00Z", 
        "city": 7, 
        "result2": null, 
        "result1": null, 
        "country2": 27, 
        "country1": 25, 
        "round": 1
    }
},
{
    "pk": 30, 
    "model": "tipgame.game", 
    "fields": {
        "date_time": "2014-06-22T22:00:00Z", 
        "city": 8, 
        "result2": null, 
        "result1": null, 
        "country2": 26, 
        "country1": 28, 
        "round": 1
    }
},
{
    "pk": 31, 
    "model": "tipgame.game", 
    "fields": {
        "date_time": "2014-06-22T16:00:00Z", 
        "city": 1, 
        "result2": null, 
        "result1": null, 
        "country2": 31, 
        "country1": 29, 
        "round": 1
    }
},
{
    "pk": 32, 
    "model": "tipgame.game", 
    "fields": {
        "date_time": "2014-06-22T19:00:00Z", 
        "city": 10, 
        "result2": null, 
        "result1": null, 
        "country2": 30, 
        "country1": 32, 
        "round": 1
    }
},
{
    "pk": 33, 
    "model": "tipgame.game", 
    "fields": {
        "date_time": "2014-06-23T20:00:00Z", 
        "city": 4, 
        "result2": null, 
        "result1": null, 
        "country2": 1, 
        "country1": 4, 
        "round": 1
    }
},
{
    "pk": 34, 
    "model": "tipgame.game", 
    "fields": {
        "date_time": "2014-06-23T20:00:00Z", 
        "city": 11, 
        "result2": null, 
        "result1": null, 
        "country2": 3, 
        "country1": 2, 
        "round": 1
    }
},
{
    "pk": 35, 
    "model": "tipgame.game", 
    "fields": {
        "date_time": "2014-06-23T16:00:00Z", 
        "city": 6, 
        "result2": null, 
        "result1": null, 
        "country2": 5, 
        "country1": 8, 
        "round": 1
    }
},
{
    "pk": 36, 
    "model": "tipgame.game", 
    "fields": {
        "date_time": "2014-06-23T16:00:00Z", 
        "city": 2, 
        "result2": null, 
        "result1": null, 
        "country2": 7, 
        "country1": 6, 
        "round": 1
    }
},
{
    "pk": 37, 
    "model": "tipgame.game", 
    "fields": {
        "date_time": "2014-06-24T20:00:00Z", 
        "city": 5, 
        "result2": null, 
        "result1": null, 
        "country2": 9, 
        "country1": 12, 
        "round": 1
    }
},
{
    "pk": 38, 
    "model": "tipgame.game", 
    "fields": {
        "date_time": "2014-06-24T20:00:00Z", 
        "city": 7, 
        "result2": null, 
        "result1": null, 
        "country2": 11, 
        "country1": 10, 
        "round": 1
    }
},
{
    "pk": 39, 
    "model": "tipgame.game", 
    "fields": {
        "date_time": "2014-06-24T16:00:00Z", 
        "city": 9, 
        "result2": null, 
        "result1": null, 
        "country2": 13, 
        "country1": 16, 
        "round": 1
    }
},
{
    "pk": 40, 
    "model": "tipgame.game", 
    "fields": {
        "date_time": "2014-06-24T16:00:00Z", 
        "city": 3, 
        "result2": null, 
        "result1": null, 
        "country2": 15, 
        "country1": 14, 
        "round": 1
    }
},
{
    "pk": 41, 
    "model": "tipgame.game", 
    "fields": {
        "date_time": "2014-06-25T20:00:00Z", 
        "city": 8, 
        "result2": null, 
        "result1": null, 
        "country2": 17, 
        "country1": 20, 
        "round": 1
    }
},
{
    "pk": 42, 
    "model": "tipgame.game", 
    "fields": {
        "date_time": "2014-06-25T20:00:00Z", 
        "city": 1, 
        "result2": null, 
        "result1": null, 
        "country2": 19, 
        "country1": 18, 
        "round": 1
    }
},
{
    "pk": 43, 
    "model": "tipgame.game", 
    "fields": {
        "date_time": "2014-06-25T16:00:00Z", 
        "city": 10, 
        "result2": null, 
        "result1": null, 
        "country2": 21, 
        "country1": 24, 
        "round": 1
    }
},
{
    "pk": 44, 
    "model": "tipgame.game", 
    "fields": {
        "date_time": "2014-06-25T16:00:00Z", 
        "city": 12, 
        "result2": null, 
        "result1": null, 
        "country2": 23, 
        "country1": 22, 
        "round": 1
    }
},
{
    "pk": 45, 
    "model": "tipgame.game", 
    "fields": {
        "date_time": "2014-06-26T16:00:00Z", 
        "city": 11, 
        "result2": null, 
        "result1": null, 
        "country2": 25, 
        "country1": 28, 
        "round": 1
    }
},
{
    "pk": 46, 
    "model": "tipgame.game", 
    "fields": {
        "date_time": "2014-06-26T16:00:00Z", 
        "city": 4, 
        "result2": null, 
        "result1": null, 
        "country2": 27, 
        "country1": 26, 
        "round": 1
    }
},
{
    "pk": 47, 
    "model": "tipgame.game", 
    "fields": {
        "date_time": "2014-06-26T20:00:00Z", 
        "city": 2, 
        "result2": null, 
        "result1": null, 
        "country2": 29, 
        "country1": 32, 
        "round": 1
    }
},
{
    "pk": 48, 
    "model": "tipgame.game", 
    "fields": {
        "date_time": "2014-06-26T20:00:00Z", 
        "city": 6, 
        "result2": null, 
        "result1": null, 
        "country2": 31, 
        "country1": 30, 
        "round": 1
    }
},
{
    "pk": 49, 
    "model": "tipgame.game", 
    "fields": {
        "date_time": "2014-06-28T16:00:00Z", 
        "city": 3, 
        "result2": null, 
        "result1": null, 
        "country2": 42, 
        "country1": 33, 
        "round": 2
    }
},
{
    "pk": 50, 
    "model": "tipgame.game", 
    "fields": {
        "date_time": "2014-06-28T20:00:00Z", 
        "city": 1, 
        "result2": null, 
        "result1": null, 
        "country2": 44, 
        "country1": 35, 
        "round": 2
    }
},
{
    "pk": 51, 
    "model": "tipgame.game", 
    "fields": {
        "date_time": "2014-06-29T16:00:00Z", 
        "city": 7, 
        "result2": null, 
        "result1": null, 
        "country2": 41, 
        "country1": 34, 
        "round": 2
    }
},
{
    "pk": 52, 
    "model": "tipgame.game", 
    "fields": {
        "date_time": "2014-06-29T20:00:00Z", 
        "city": 11, 
        "result2": null, 
        "result1": null, 
        "country2": 43, 
        "country1": 36, 
        "round": 2
    }
},
{
    "pk": 53, 
    "model": "tipgame.game", 
    "fields": {
        "date_time": "2014-06-30T16:00:00Z", 
        "city": 4, 
        "result2": null, 
        "result1": null, 
        "country2": 46, 
        "country1": 37, 
        "round": 2
    }
},
{
    "pk": 54, 
    "model": "tipgame.game", 
    "fields": {
        "date_time": "2014-06-30T20:00:00Z", 
        "city": 10, 
        "result2": null, 
        "result1": null, 
        "country2": 48, 
        "country1": 39, 
        "round": 2
    }
},
{
    "pk": 55, 
    "model": "tipgame.game", 
    "fields": {
        "date_time": "2014-07-01T16:00:00Z", 
        "city": 2, 
        "result2": null, 
        "result1": null, 
        "country2": 45, 
        "country1": 38, 
        "round": 2
    }
},
{
    "pk": 56, 
    "model": "tipgame.game", 
    "fields": {
        "date_time": "2014-07-01T20:00:00Z", 
        "city": 12, 
        "result2": null, 
        "result1": null, 
        "country2": 47, 
        "country1": 40, 
        "round": 2
    }
},
{
    "pk": 57, 
    "model": "tipgame.game", 
    "fields": {
        "date_time": "2014-07-04T20:00:00Z", 
        "city": 7, 
        "result2": null, 
        "result1": null, 
        "country2": 50, 
        "country1": 49, 
        "round": 3
    }
},
{
    "pk": 58, 
    "model": "tipgame.game", 
    "fields": {
        "date_time": "2014-07-04T16:00:00Z", 
        "city": 1, 
        "result2": null, 
        "result1": null, 
        "country2": 54, 
        "country1": 53, 
        "round": 3
    }
},
{
    "pk": 59, 
    "model": "tipgame.game", 
    "fields": {
        "date_time": "2014-07-05T20:00:00Z", 
        "city": 12, 
        "result2": null, 
        "result1": null, 
        "country2": 52, 
        "country1": 51, 
        "round": 3
    }
},
{
    "pk": 60, 
    "model": "tipgame.game", 
    "fields": {
        "date_time": "2014-07-05T16:00:00Z", 
        "city": 4, 
        "result2": null, 
        "result1": null, 
        "country2": 56, 
        "country1": 55, 
        "round": 3
    }
},
{
    "pk": 61, 
    "model": "tipgame.game", 
    "fields": {
        "date_time": "2014-07-08T20:00:00Z", 
        "city": 3, 
        "result2": null, 
        "result1": null, 
        "country2": 58, 
        "country1": 57, 
        "round": 4
    }
},
{
    "pk": 62, 
    "model": "tipgame.game", 
    "fields": {
        "date_time": "2014-07-09T20:00:00Z", 
        "city": 2, 
        "result2": null, 
        "result1": null, 
        "country2": 60, 
        "country1": 59, 
        "round": 4
    }
},
{
    "pk": 63, 
    "model": "tipgame.game", 
    "fields": {
        "date_time": "2014-07-12T20:00:00Z", 
        "city": 4, 
        "result2": null, 
        "result1": null, 
        "country2": 62, 
        "country1": 61, 
        "round": 5
    }
},
{
    "pk": 64, 
    "model": "tipgame.game", 
    "fields": {
        "date_time": "2014-07-13T20:00:00Z", 
        "city": 1, 
        "result2": null, 
        "result1": null, 
        "country2": 64, 
        "country1": 63, 
        "round": 6
    }
},
{
    "pk": 1, 
    "model": "tipgame.player", 
    "fields": {
        "gender": "M", 
        "age_group": "N", 
        "user": [
            "Rainer"
        ]
    }
},
{
    "pk": 2, 
    "model": "tipgame.player", 
    "fields": {
        "gender": "M", 
        "age_group": "N", 
        "user": [
            "Bernd"
        ]
    }
},
{
    "pk": 3, 
    "model": "tipgame.player", 
    "fields": {
        "gender": "F", 
        "age_group": "N", 
        "user": [
            "Conny"
        ]
    }
},
{
    "pk": 4, 
    "model": "tipgame.player", 
    "fields": {
        "gender": "F", 
        "age_group": "N", 
        "user": [
            "Dani"
        ]
    }
},
{
    "pk": 5, 
    "model": "tipgame.player", 
    "fields": {
        "gender": "F", 
        "age_group": "N", 
        "user": [
            "Edith"
        ]
    }
},
{
    "pk": 6, 
    "model": "tipgame.player", 
    "fields": {
        "gender": "F", 
        "age_group": "N", 
        "user": [
            "Elfi"
        ]
    }
},
{
    "pk": 7, 
    "model": "tipgame.player", 
    "fields": {
        "gender": "F", 
        "age_group": "J", 
        "user": [
            "Ella"
        ]
    }
},
{
    "pk": 8, 
    "model": "tipgame.player", 
    "fields": {
        "gender": "F", 
        "age_group": "N", 
        "user": [
            "Gudrun"
        ]
    }
},
{
    "pk": 9, 
    "model": "tipgame.player", 
    "fields": {
        "gender": "M", 
        "age_group": "N", 
        "user": [
            "Hans-Georg"
        ]
    }
},
{
    "pk": 10, 
    "model": "tipgame.player", 
    "fields": {
        "gender": "F", 
        "age_group": "N", 
        "user": [
            "Heidi"
        ]
    }
},
{
    "pk": 11, 
    "model": "tipgame.player", 
    "fields": {
        "gender": "M", 
        "age_group": "N", 
        "user": [
            "Heinz"
        ]
    }
},
{
    "pk": 12, 
    "model": "tipgame.player", 
    "fields": {
        "gender": "M", 
        "age_group": "J", 
        "user": [
            "Henri"
        ]
    }
},
{
    "pk": 13, 
    "model": "tipgame.player", 
    "fields": {
        "gender": "M", 
        "age_group": "N", 
        "user": [
            "Linus"
        ]
    }
},
{
    "pk": 14, 
    "model": "tipgame.player", 
    "fields": {
        "gender": "M", 
        "age_group": "N", 
        "user": [
            "Ralf"
        ]
    }
},
{
    "pk": 15, 
    "model": "tipgame.player", 
    "fields": {
        "gender": "M", 
        "age_group": "J", 
        "user": [
            "Toni"
        ]
    }
},
{
    "pk": 16, 
    "model": "tipgame.player", 
    "fields": {
        "gender": "F", 
        "age_group": "N", 
        "user": [
            "Ute"
        ]
    }
},
{
    "pk": 17, 
    "model": "tipgame.player", 
    "fields": {
        "gender": "M", 
        "age_group": "N", 
        "user": [
            "Volker"
        ]
    }
},
{
    "pk": 18, 
    "model": "tipgame.player", 
    "fields": {
        "gender": "F", 
        "age_group": "N", 
        "user": [
            "Cornelia"
        ]
    }
},
{
    "pk": 19, 
    "model": "tipgame.player", 
    "fields": {
        "gender": "F", 
        "age_group": "J", 
        "user": [
            "Paula"
        ]
    }
},
{
    "pk": 1, 
    "model": "admin.logentry", 
    "fields": {
        "action_flag": 2, 
        "action_time": "2013-12-22T14:40:19.312Z", 
        "object_repr": "rainer", 
        "object_id": "1", 
        "change_message": "first_name und last_name ge\u00e4ndert.", 
        "user": [
            "Rainer"
        ], 
        "content_type": [
            "auth", 
            "user"
        ]
    }
},
{
    "pk": 2, 
    "model": "admin.logentry", 
    "fields": {
        "action_flag": 3, 
        "action_time": "2013-12-22T14:41:42.484Z", 
        "object_repr": "Kommentar von Rainer am 22.12.13 um 14:26:07 Uhr", 
        "object_id": "2", 
        "change_message": "", 
        "user": [
            "Rainer"
        ], 
        "content_type": [
            "tipgame", 
            "comment"
        ]
    }
},
{
    "pk": 3, 
    "model": "admin.logentry", 
    "fields": {
        "action_flag": 3, 
        "action_time": "2013-12-22T14:41:50.812Z", 
        "object_repr": "Kommentar von Rainer am 22.12.13 um 14:23:50 Uhr", 
        "object_id": "1", 
        "change_message": "", 
        "user": [
            "Rainer"
        ], 
        "content_type": [
            "tipgame", 
            "comment"
        ]
    }
},
{
    "pk": 4, 
    "model": "admin.logentry", 
    "fields": {
        "action_flag": 2, 
        "action_time": "2013-12-22T14:43:40.984Z", 
        "object_repr": "Ute", 
        "object_id": "16", 
        "change_message": "user_permissions ge\u00e4ndert.", 
        "user": [
            "Rainer"
        ], 
        "content_type": [
            "auth", 
            "user"
        ]
    }
},
{
    "pk": 5, 
    "model": "admin.logentry", 
    "fields": {
        "action_flag": 2, 
        "action_time": "2013-12-22T17:27:42.593Z", 
        "object_repr": "Rainer", 
        "object_id": "1", 
        "change_message": "username ge\u00e4ndert.", 
        "user": [
            "Rainer"
        ], 
        "content_type": [
            "auth", 
            "user"
        ]
    }
},
{
    "pk": 6, 
    "model": "admin.logentry", 
    "fields": {
        "action_flag": 2, 
        "action_time": "2013-12-25T09:00:53.546Z", 
        "object_repr": "Belgien - Algerien (7:8)", 
        "object_id": "15", 
        "change_message": "result1 und result2 ge\u00e4ndert.", 
        "user": [
            "Rainer"
        ], 
        "content_type": [
            "tipgame", 
            "game"
        ]
    }
},
{
    "pk": 7, 
    "model": "admin.logentry", 
    "fields": {
        "action_flag": 2, 
        "action_time": "2013-12-25T09:01:06.953Z", 
        "object_repr": "Belgien - Algerien ", 
        "object_id": "15", 
        "change_message": "result1 und result2 ge\u00e4ndert.", 
        "user": [
            "Rainer"
        ], 
        "content_type": [
            "tipgame", 
            "game"
        ]
    }
}
]
